,calculo
0,0
1,0
2,0
3,0
4,0
5,0
6,0
7,0
8,0
9,0
10,0
11,0
12,0
13,0
14,0
15,0
16,0
17,0
18,0
19,0
20,0
21,0
22,0
23,0
24,0
25,0
26,0
27,0
28,0
29,0
30,0
31,0
32,0
33,0
34,0
35,0
36,0
37,0
38,0
39,0
40,0
41,0
42,0
43,0
44,0
45,0
46,0
47,0
48,0
49,0
50,0
51,0
52,0
53,0
54,0
55,0
56,0
57,0
58,0
59,0
60,0
61,0
62,0
63,0
64,0
65,0
66,0
67,0
68,0
69,0
70,0
71,0
72,0
73,0
74,0
75,0
76,0
77,0
78,0
79,0
80,0
81,2
82,3
83,7
84,9
85,12
86,12
87,13
88,15
89,19
90,19
91,18
92,18
93,20
94,18
95,18
96,18
97,20
98,20
99,19
100,19
101,19
102,19
103,19
104,19
105,20
106,19
107,18
108,17
109,17
110,19
111,20
112,20
113,20
114,21
115,19
116,19
117,19
118,19
119,19
120,17
121,18
122,21
123,21
124,23
125,23
126,23
127,29
128,29
129,30
130,30
131,31
132,28
133,28
134,27
135,26
136,26
137,20
138,21
139,21
140,21
141,20
142,20
143,21
144,19
145,20
146,19
147,19
148,19
149,19
150,19
151,19
152,20
153,19
154,22
155,21
156,21
157,20
158,22
159,22
160,23
161,23
162,22
163,23
164,21
165,21
166,21
167,22
168,21
169,26
170,25
171,25
172,28
173,27
174,25
175,25
176,25
177,24
178,23
179,19
180,19
181,19
182,15
183,15
184,17
185,17
186,17
187,17
188,17
189,18
190,19
191,20
192,20
193,20
194,18
195,19
196,19
197,19
198,19
199,18
200,17
201,16
202,15
203,15
204,14
205,13
206,16
207,17
208,19
209,18
210,18
211,17
212,16
213,16
214,20
215,20
216,17
217,16
218,15
219,14
220,14
221,19
222,19
223,19
224,15
225,15
226,15
227,15
228,15
229,15
230,15
231,10
232,10
233,10
234,10
235,10
236,10
237,10
238,10
239,12
240,12
241,13
242,14
243,18
244,18
245,19
246,21
247,20
248,20
249,21
250,23
251,23
252,26
253,21
254,21
255,20
256,18
257,18
258,19
259,17
260,15
261,15
262,12
263,13
264,13
265,18
266,18
267,18
268,17
269,19
270,23
271,22
272,21
273,24
274,24
275,20
276,20
277,21
278,22
279,20
280,16
281,16
282,17
283,13
284,14
285,14
286,14
287,14
288,16
289,16
290,18
291,18
292,19
293,19
294,18
295,17
296,17
297,17
298,15
299,17
300,16
301,16
302,15
303,15
304,15
305,15
306,14
307,14
308,14
309,15
310,16
311,15
312,16
313,18
314,19
315,18
316,19
317,19
318,19
319,20
320,22
321,23
322,22
323,20
324,23
325,23
326,24
327,25
328,26
329,27
330,25
331,24
332,25
333,25
334,21
335,21
336,22
337,21
338,26
339,24
340,24
341,24
342,24
343,24
344,24
345,24
346,22
347,23
348,17
349,17
350,16
351,16
352,17
353,18
354,19
355,19
356,18
357,17
358,17
359,17
360,17
361,18
362,17
363,16
364,15
365,15
366,14
367,14
368,14
369,15
370,15
371,14
372,15
373,15
374,18
375,18
376,18
377,18
378,17
379,17
380,17
381,21
382,20
383,20
384,16
385,17
386,17
387,16
388,16
389,16
390,17
391,14
392,13
393,13
394,14
395,13
396,17
397,17
398,17
399,17
400,16
401,15
402,15
403,15
404,15
405,15
406,11
407,11
408,10
409,10
410,13
411,13
412,13
413,13
414,13
415,13
416,13
417,13
418,13
419,13
420,13
421,14
422,15
423,15
424,15
425,16
426,21
427,21
428,21
429,22
430,21
431,21
432,20
433,20
434,20
435,20
436,16
437,17
438,17
439,16
440,16
441,16
442,16
443,14
444,12
445,11
446,12
447,12
448,12
449,13
450,12
451,11
452,11
453,12
454,13
455,13
456,14
457,15
458,17
459,16
460,16
461,16
462,16
463,14
464,13
465,14
466,12
467,11
468,10
469,11
470,9
471,10
472,10
473,11
474,11
475,11
476,11
477,12
478,12
479,12
480,10
481,9
482,9
483,9
484,11
485,10
486,10
487,12
488,12
489,13
490,13
491,11
492,12
493,11
494,11
495,11
496,12
497,12
498,11
499,10
500,11
501,11
502,11
503,12
504,12
505,14
506,13
507,13
508,11
509,12
510,11
511,11
512,11
513,9
514,14
515,12
516,12
517,12
518,13
519,12
520,13
521,15
522,16
523,16
524,11
525,11
526,13
527,13
528,15
529,15
530,14
531,12
532,11
533,10
534,10
535,10
536,8
537,8
538,6
539,5
540,5
541,5
542,5
543,5
544,5
545,5
546,5
547,5
548,5
549,5
550,5
551,5
552,5
553,5
554,5
555,6
556,7
557,7
558,7
559,7
560,7
561,7
562,7
563,11
564,11
565,11
566,11
567,11
568,11
569,11
570,11
571,11
572,11
573,7
574,7
575,6
576,10
577,11
578,12
579,12
580,12
581,12
582,13
583,13
584,13
585,13
586,9
587,8
588,8
589,8
590,8
591,8
592,7
593,8
594,8
595,10
596,10
597,10
598,10
599,11
600,12
601,12
602,12
603,11
604,12
605,10
606,11
607,11
608,12
609,14
610,15
611,15
612,16
613,16
614,15
615,15
616,15
617,17
618,16
619,13
620,11
621,11
622,10
623,10
624,10
625,11
626,13
627,11
628,12
629,12
630,12
631,13
632,14
633,14
634,15
635,16
636,15
637,16
638,18
639,17
640,17
641,15
642,13
643,14
644,14
645,13
646,14
647,14
648,11
649,11
650,11
651,12
652,13
653,13
654,11
655,11
656,10
657,7
658,7
659,7
660,7
661,6
662,5
663,5
664,5
665,4
666,4
667,4
668,4
669,5
670,5
671,6
672,6
673,6
674,6
675,6
676,6
677,6
678,6
679,5
680,5
681,4
682,5
683,5
684,5
685,9
686,9
687,9
688,9
689,9
690,9
691,9
692,9
693,10
694,10
695,7
696,7
697,7
698,6
699,7
700,10
701,10
702,10
703,9
704,9
705,9
706,9
707,9
708,9
709,7
710,4
711,4
712,4
713,4
714,4
715,4
716,4
717,4
718,4
719,4
720,4
721,4
722,4
723,4
724,4
725,4
726,4
727,4
728,4
729,4
730,4
731,4
732,4
733,4
734,4
735,4
736,4
737,4
738,4
739,4
740,4
741,4
742,5
743,5
744,5
745,5
746,5
747,5
748,9
749,9
750,9
751,9
752,9
753,9
754,9
755,9
756,10
757,10
758,6
759,6
760,6
761,6
762,9
763,9
764,9
765,9
766,9
767,9
768,9
769,10
770,10
771,10
772,7
773,7
774,7
775,7
776,7
777,7
778,7
779,7
780,7
781,7
782,7
783,7
784,7
785,7
786,7
787,8
788,8
789,10
790,10
791,10
792,10
793,10
794,10
795,10
796,10
797,9
798,9
799,9
800,9
801,9
802,9
803,9
804,9
805,9
806,9
807,9
808,9
809,9
810,9
811,9
812,9
813,10
814,10
815,10
816,10
817,10
818,10
819,10
820,10
821,10
822,10
823,10
824,10
825,10
826,10
827,10
828,10
829,10
830,10
831,10
832,10
833,10
834,10
835,10
836,10
837,10
838,10
839,11
840,11
841,11
842,11
843,11
844,14
845,14
846,15
847,15
848,15
849,15
850,15
851,15
852,15
853,15
854,12
855,12
856,12
857,12
858,12
859,11
860,12
861,12
862,12
863,12
864,12
865,12
866,11
867,11
868,12
869,12
870,13
871,13
872,13
873,13
874,13
875,14
876,15
877,15
878,14
879,14
880,13
881,14
882,14
883,14
884,14
885,14
886,15
887,15
888,15
889,15
890,15
891,12
892,12
893,12
894,13
895,13
896,12
897,11
898,11
899,11
900,10
901,11
902,11
903,11
904,11
905,11
906,11
907,12
908,12
909,12
910,12
911,11
912,11
913,11
914,11
915,11
916,12
917,11
918,12
919,12
920,12
921,13
922,13
923,14
924,14
925,14
926,14
927,14
928,13
929,13
930,13
931,13
932,13
933,13
934,12
935,12
936,12
937,12
938,12
939,12
940,12
941,12
942,12
943,12
944,12
945,11
946,11
947,11
948,12
949,12
950,12
951,12
952,12
953,12
954,12
955,12
956,12
957,12
958,10
959,10
960,10
961,10
962,10
963,9
964,9
965,9
966,9
967,9
968,9
969,9
970,9
971,9
972,9
973,9
974,9
975,9
976,10
977,9
978,9
979,9
980,9
981,9
982,9
983,9
984,9
985,9
986,8
987,8
988,8
989,8
990,8
991,8
992,8
993,8
994,8
995,8
996,7
997,7
998,8
999,8
1000,8
1001,8
1002,8
1003,8
1004,8
1005,8
1006,8
1007,8
1008,7
1009,8
1010,8
1011,8
1012,9
1013,9
1014,9
1015,9
1016,9
1017,9
1018,9
1019,8
1020,8
1021,8
1022,8
1023,8
1024,8
1025,8
1026,8
1027,8
1028,8
1029,8
1030,8
1031,8
1032,8
1033,8
1034,8
1035,7
1036,7
1037,7
1038,7
1039,7
1040,7
1041,7
1042,8
1043,8
1044,8
1045,8
1046,8
1047,8
1048,9
1049,9
1050,9
1051,9
1052,8
1053,9
1054,9
1055,10
1056,10
1057,10
1058,10
1059,10
1060,10
1061,11
1062,11
1063,11
1064,11
1065,11
1066,11
1067,11
1068,12
1069,13
1070,13
1071,13
1072,13
1073,14
1074,14
1075,14
1076,14
1077,13
1078,12
1079,12
1080,11
1081,12
1082,14
1083,13
1084,13
1085,13
1086,13
1087,15
1088,15
1089,14
1090,14
1091,13
1092,12
1093,12
1094,12
1095,12
1096,12
1097,10
1098,10
1099,10
1100,11
1101,11
1102,11
1103,11
1104,11
1105,11
1106,11
1107,11
1108,11
1109,11
1110,10
1111,10
1112,10
1113,10
1114,11
1115,11
1116,10
1117,10
1118,11
1119,15
1120,15
1121,15
1122,15
1123,16
1124,16
1125,17
1126,17
1127,16
1128,16
1129,12
1130,12
1131,12
1132,13
1133,12
1134,11
1135,14
1136,14
1137,14
1138,13
1139,13
1140,13
1141,13
1142,12
1143,13
1144,13
1145,9
1146,9
1147,14
1148,14
1149,14
1150,14
1151,14
1152,14
1153,13
1154,13
1155,13
1156,13
1157,8
1158,9
1159,9
1160,9
1161,9
1162,11
1163,11
1164,11
1165,11
1166,11
1167,10
1168,9
1169,9
1170,9
1171,9
1172,7
1173,13
1174,13
1175,13
1176,13
1177,13
1178,13
1179,13
1180,13
1181,13
1182,13
1183,7
1184,7
1185,7
1186,7
1187,8
1188,8
1189,8
1190,8
1191,8
1192,8
1193,8
1194,8
1195,8
1196,8
1197,7
1198,7
1199,7
1200,7
1201,7
1202,7
1203,7
1204,7
1205,7
1206,7
1207,11
1208,11
1209,11
1210,11
1211,11
1212,11
1213,11
1214,11
1215,11
1216,11
1217,7
1218,7
1219,12
1220,12
1221,12
1222,11
1223,11
1224,11
1225,11
1226,11
1227,11
1228,11
1229,6
1230,10
1231,10
1232,11
1233,11
1234,11
1235,11
1236,11
1237,11
1238,11
1239,11
1240,7
1241,7
1242,7
1243,7
1244,7
1245,7
1246,7
1247,7
1248,7
1249,7
1250,7
1251,7
1252,10
1253,10
1254,11
1255,11
1256,11
1257,11
1258,11
1259,12
1260,12
1261,12
1262,9
1263,12
1264,11
1265,11
1266,11
1267,12
1268,12
1269,11
1270,11
1271,11
1272,11
1273,8
1274,8
1275,8
1276,8
1277,8
1278,8
1279,8
1280,8
1281,8
1282,9
1283,9
1284,10
1285,12
1286,12
1287,12
1288,12
1289,12
1290,12
1291,11
1292,11
1293,11
1294,10
1295,8
1296,8
1297,8
1298,9
1299,9
1300,9
1301,8
1302,8
1303,8
1304,8
1305,8
1306,11
1307,12
1308,11
1309,11
1310,11
1311,11
1312,12
1313,11
1314,11
1315,11
1316,8
1317,7
1318,7
1319,7
1320,7
1321,7
1322,7
1323,7
1324,7
1325,6
1326,6
1327,9
1328,9
1329,9
1330,9
1331,9
1332,9
1333,9
1334,9
1335,9
1336,9
1337,6
1338,6
1339,6
1340,5
1341,5
1342,5
1343,5
1344,5
1345,5
1346,6
1347,6
1348,6
1349,9
1350,9
1351,9
1352,9
1353,9
1354,9
1355,9
1356,8
1357,9
1358,9
1359,6
1360,6
1361,6
1362,6
1363,6
1364,6
1365,6
1366,6
1367,5
1368,8
1369,8
1370,8
1371,8
1372,9
1373,9
1374,9
1375,9
1376,10
1377,10
1378,7
1379,7
1380,7
1381,7
1382,7
1383,7
1384,7
1385,7
1386,7
1387,8
1388,8
1389,8
1390,8
1391,12
1392,12
1393,12
1394,12
1395,12
1396,12
1397,11
1398,13
1399,13
1400,13
1401,9
1402,9
1403,9
1404,9
1405,9
1406,12
1407,12
1408,10
1409,10
1410,10
1411,10
1412,9
1413,11
1414,11
1415,11
1416,8
1417,11
1418,11
1419,11
1420,11
1421,12
1422,12
1423,10
1424,10
1425,11
1426,11
1427,8
1428,12
1429,12
1430,12
1431,12
1432,12
1433,12
0,0
1,0
2,0
3,0
4,0
5,0
6,0
7,0
8,0
9,0
10,0
11,0
12,0
13,0
14,0
15,0
16,0
17,0
18,0
19,0
20,0
21,0
22,0
23,0
24,0
25,0
26,0
27,0
28,0
29,0
30,0
31,0
32,0
33,0
34,0
35,0
36,0
37,0
38,0
39,0
40,0
41,0
42,0
43,0
44,0
45,0
46,0
47,0
48,0
49,0
50,0
51,0
52,0
53,0
54,0
55,0
56,0
57,0
58,0
59,0
60,0
61,0
62,0
63,0
64,0
65,0
66,0
67,0
68,0
69,0
70,0
71,0
72,0
73,0
74,0
75,0
76,0
77,0
78,0
79,0
80,0
81,2
82,3
83,7
84,8
85,10
86,12
87,15
88,15
89,16
90,16
91,14
92,14
93,11
94,11
95,11
96,12
97,14
98,18
99,21
100,22
101,23
102,27
103,30
104,33
105,34
106,33
107,32
108,28
109,27
110,27
111,26
112,23
113,20
114,22
115,22
116,24
117,27
118,28
119,28
120,29
121,31
122,31
123,31
124,33
125,32
126,29
127,27
128,27
129,28
130,31
131,31
132,32
133,34
134,34
135,31
136,31
137,30
138,31
139,31
140,28
141,30
142,30
143,28
144,30
145,30
146,31
147,31
148,31
149,29
150,29
151,26
152,25
153,26
154,25
155,26
156,26
157,27
158,27
159,27
160,31
161,32
162,33
163,32
164,31
165,35
166,35
167,34
168,35
169,35
170,33
171,37
172,34
173,34
174,35
175,31
176,34
177,34
178,34
179,35
180,36
181,32
182,33
183,36
184,37
185,38
186,34
187,36
188,37
189,38
190,40
191,41
192,40
193,41
194,38
195,39
196,38
197,36
198,38
199,37
200,34
201,35
202,37
203,37
204,39
205,37
206,37
207,39
208,36
209,38
210,38
211,38
212,38
213,41
214,41
215,41
216,41
217,39
218,40
219,40
220,39
221,39
222,36
223,40
224,43
225,41
226,43
227,44
228,43
229,40
230,39
231,40
232,40
233,36
234,31
235,32
236,33
237,32
238,32
239,32
240,34
241,32
242,32
243,31
244,33
245,32
246,32
247,31
248,32
249,31
250,32
251,31
252,31
253,33
254,32
255,32
256,30
257,34
258,35
259,37
260,38
261,39
262,39
263,39
264,39
265,38
266,38
267,35
268,38
269,39
270,37
271,37
272,37
273,38
274,39
275,40
276,40
277,41
278,40
279,40
280,38
281,37
282,36
283,35
284,33
285,32
286,34
287,35
288,31
289,32
290,32
291,32
292,32
293,34
294,34
295,32
296,29
297,29
298,29
299,29
300,29
301,29
302,28
303,26
304,26
305,25
306,25
307,22
308,23
309,22
310,22
311,22
312,21
313,21
314,22
315,23
316,24
317,22
318,21
319,21
320,20
321,20
322,20
323,22
324,21
325,22
326,21
327,22
328,22
329,23
330,23
331,23
332,22
333,20
334,21
335,21
336,21
337,20
338,20
339,23
340,24
341,24
342,26
343,26
344,27
345,25
346,25
347,25
348,27
349,25
350,26
351,26
352,24
353,27
354,30
355,32
356,33
357,36
358,36
359,35
360,34
361,34
362,35
363,36
364,36
365,33
366,32
367,34
368,35
369,34
370,35
371,35
372,36
373,33
374,30
375,30
376,30
377,28
378,26
379,26
380,25
381,24
382,25
383,29
384,31
385,31
386,31
387,33
388,35
389,36
390,37
391,37
392,37
393,35
394,34
395,37
396,36
397,34
398,33
399,35
400,36
401,36
402,35
403,36
404,37
405,35
406,35
407,35
408,36
409,33
410,31
411,30
412,29
413,28
414,29
415,27
416,27
417,28
418,29
419,29
420,29
421,29
422,29
423,29
424,30
425,29
426,29
427,28
428,27
429,24
430,24
431,22
432,22
433,22
434,22
435,21
436,21
437,23
438,23
439,22
440,22
441,25
442,25
0,0
1,0
2,0
3,0
4,0
5,0
6,0
7,0
8,0
9,0
10,0
11,0
12,0
13,0
14,0
15,0
16,0
17,0
18,0
19,0
20,0
21,0
22,0
23,0
24,0
25,0
26,0
27,0
28,0
29,0
30,0
31,0
32,0
33,0
34,0
35,0
36,0
37,0
38,0
39,0
40,0
41,0
42,0
43,0
44,0
45,0
46,0
47,0
48,0
49,0
50,0
51,0
52,0
53,0
54,0
55,0
56,0
57,0
58,0
59,0
60,0
61,0
62,0
63,0
64,0
65,0
66,0
67,0
68,0
69,0
70,0
71,0
72,0
73,0
74,0
75,0
76,0
77,0
78,0
79,0
80,0
81,1
82,2
83,2
84,2
85,2
86,2
87,2
88,2
89,2
90,2
91,1
92,0
93,0
94,2
95,2
96,2
97,2
98,3
99,3
100,3
101,3
102,3
103,3
104,5
105,7
106,7
107,7
108,8
109,9
110,10
111,10
112,10
113,10
114,11
115,11
116,15
117,15
118,16
119,16
120,18
121,18
122,18
123,18
124,18
125,19
126,15
127,15
128,15
129,16
130,13
131,13
132,13
133,13
134,13
135,12
136,12
137,13
138,13
139,13
140,19
141,19
142,20
143,22
144,22
145,22
146,22
147,26
148,26
149,26
150,21
151,21
152,20
153,16
154,16
155,17
156,22
157,17
158,20
159,20
160,19
161,19
162,19
163,19
164,19
165,18
166,14
167,14
168,11
169,11
170,12
171,14
172,14
173,14
174,14
175,15
176,14
177,14
178,14
179,15
180,14
181,13
182,13
183,13
184,13
185,17
186,17
187,17
188,17
189,16
190,16
191,16
192,16
193,16
194,16
195,12
196,12
197,12
198,12
199,12
200,12
201,12
202,11
203,11
204,11
205,11
206,13
207,13
208,13
209,13
210,13
211,13
212,13
213,13
214,13
215,13
216,11
217,11
218,11
219,11
220,11
221,11
222,11
223,13
224,13
225,18
226,18
227,18
228,18
229,18
230,18
231,18
232,20
233,19
234,19
235,12
236,15
237,15
238,15
239,15
240,15
241,15
242,13
243,13
244,13
245,13
246,10
247,10
248,10
249,10
250,10
251,10
252,10
253,11
254,10
255,10
256,9
257,9
258,9
259,9
260,9
261,9
262,10
263,9
264,9
265,9
266,10
267,9
268,9
269,9
270,11
271,11
272,10
273,10
274,10
275,10
276,10
277,10
278,10
279,10
280,8
281,11
282,11
283,11
284,11
285,14
286,14
287,14
288,16
289,16
290,16
291,13
292,13
293,14
294,14
295,11
296,10
297,10
298,9
299,10
300,14
301,14
302,14
303,13
304,13
305,14
306,14
307,14
308,13
309,13
310,9
311,10
312,10
313,10
314,9
315,9
316,9
317,9
318,12
319,12
320,12
321,11
322,11
323,11
324,11
325,11
326,12
327,12
328,9
329,9
330,9
331,9
332,9
333,12
334,12
335,12
336,9
337,9
338,10
339,10
340,10
341,10
342,10
343,7
344,10
345,10
346,10
347,10
348,10
349,14
350,14
351,14
352,14
353,14
354,11
355,11
356,11
357,11
358,11
359,7
360,7
361,7
362,7
363,7
364,7
365,7
366,7
367,8
368,8
369,8
370,8
371,8
372,8
373,8
374,11
375,11
376,11
377,10
378,10
379,10
380,10
381,10
382,14
383,14
384,12
385,12
386,12
387,12
388,12
389,12
390,12
391,12
392,8
393,8
394,8
395,9
396,9
397,12
398,12
399,12
400,12
401,12
402,12
403,12
404,12
405,11
406,11
407,8
408,8
409,9
410,9
411,9
412,10
413,10
414,13
415,13
416,13
417,13
418,13
419,12
420,12
421,12
422,11
423,11
424,10
425,10
426,10
427,10
428,10
429,10
430,10
431,10
432,11
433,15
434,13
435,13
436,13
437,13
438,13
439,13
440,13
441,13
442,12
443,8
444,8
445,8
446,13
447,13
448,13
449,13
450,13
451,14
452,14
453,14
454,13
455,15
456,10
457,12
458,12
459,12
460,12
461,12
462,14
463,14
464,14
465,12
466,12
467,10
468,10
469,11
470,11
471,11
472,8
473,8
474,8
475,9
476,9
477,9
478,9
479,9
480,9
481,9
482,9
483,9
484,9
485,9
486,7
487,7
488,7
489,7
490,7
491,7
492,8
493,8
494,8
495,8
496,8
497,8
498,9
499,9
500,9
501,10
502,9
503,9
504,12
505,12
506,12
507,12
508,12
509,12
510,12
511,11
512,11
513,11
514,8
515,8
516,8
517,8
518,7
519,7
520,7
521,7
522,8
523,8
524,8
525,9
526,9
527,9
528,9
529,9
530,9
531,12
532,11
533,11
534,11
535,10
536,10
537,10
538,10
539,10
540,11
541,8
542,8
543,8
544,8
545,8
546,8
547,8
548,8
549,8
550,8
551,8
552,8
553,4
554,4
555,4
556,4
557,5
558,5
559,8
560,8
561,8
562,8
563,8
564,7
565,7
566,7
567,7
568,8
569,5
570,5
571,5
572,5
573,6
574,6
575,6
576,7
577,7
578,6
579,6
580,6
581,6
582,6
583,6
584,6
585,6
586,6
587,6
588,6
589,6
590,7
591,7
592,7
593,7
594,7
595,7
596,7
597,7
598,7
599,7
600,6
601,6
602,6
603,6
604,6
605,6
606,6
607,6
608,9
609,9
610,9
611,9
612,9
613,9
614,9
615,9
616,9
617,9
618,6
619,6
620,6
621,6
622,6
623,6
624,6
625,6
626,6
627,6
628,6
629,6
630,6
631,6
632,6
633,6
634,6
635,6
636,6
637,6
638,6
639,6
640,6
641,6
642,6
643,7
644,8
645,8
646,8
647,8
648,8
649,8
650,8
651,8
652,8
653,8
654,8
655,8
656,12
657,12
658,12
659,11
660,11
661,11
662,11
663,11
664,11
665,11
666,7
667,7
668,7
669,7
670,7
671,7
672,7
673,7
674,8
675,8
676,8
677,8
678,8
679,8
680,8
681,8
682,7
683,7
684,6
685,6
686,6
687,6
688,6
689,6
690,6
691,6
692,6
693,6
694,7
695,7
696,7
697,7
698,8
699,8
700,8
701,8
702,9
703,9
704,8
705,12
706,13
707,13
708,12
709,12
710,12
711,14
712,13
713,13
714,13
715,9
716,9
717,9
718,9
719,9
720,9
721,7
722,7
723,7
724,8
725,9
726,9
727,9
728,9
729,9
730,9
731,9
732,9
733,9
734,9
735,7
736,7
737,7
738,7
739,7
740,7
741,8
742,8
743,8
744,8
745,8
746,8
747,8
748,8
749,8
750,8
751,7
752,9
753,9
754,9
755,10
756,10
757,10
758,10
759,10
760,10
761,10
762,8
763,8
764,8
765,7
766,7
767,7
768,7
769,7
770,7
771,7
772,7
773,7
774,7
775,7
776,7
777,7
778,8
779,8
780,9
781,9
782,10
783,9
784,9
785,9
786,11
787,13
788,13
789,13
790,12
791,12
792,12
793,12
794,12
795,12
796,10
797,9
798,9
799,9
800,9
801,9
802,9
803,9
804,9
805,9
806,9
807,8
808,8
809,9
810,9
811,9
812,9
813,9
814,9
815,9
816,9
817,9
818,9
819,8
820,8
821,8
822,8
823,8
824,8
825,8
826,8
827,8
828,8
829,8
830,8
831,8
832,8
833,8
834,8
835,8
836,8
837,8
838,8
839,8
840,8
841,8
842,8
843,8
844,8
845,8
846,8
847,8
848,8
849,8
850,7
851,7
852,7
853,7
854,7
855,7
856,7
857,7
858,7
859,7
860,10
861,10
862,10
863,10
864,10
865,10
866,10
867,10
868,9
869,9
870,6
871,6
872,6
873,7
874,7
875,6
876,6
877,6
878,7
879,7
880,6
881,6
882,6
883,6
884,6
885,6
886,6
887,6
888,5
889,5
890,5
891,5
892,5
893,5
894,6
895,6
896,6
897,6
898,6
899,6
900,6
901,6
902,6
903,6
904,6
905,6
906,6
907,6
908,9
909,9
910,9
911,9
912,9
913,9
914,9
915,9
916,9
917,9
918,6
919,6
920,6
921,6
922,6
923,6
924,6
925,6
926,6
927,6
928,6
929,6
930,6
931,6
932,6
933,6
934,6
935,6
936,6
937,7
938,7
939,7
940,7
941,7
942,7
943,7
944,7
945,6
946,6
947,6
948,6
949,6
950,6
951,6
952,6
953,6
954,6
955,6
956,6
957,10
958,10
959,10
960,10
961,10
962,10
963,10
964,10
965,9
966,9
967,5
968,5
969,5
970,5
971,5
972,5
973,5
974,5
975,5
976,5
977,5
978,4
979,4
980,5
981,5
982,5
983,5
984,5
985,5
986,5
987,5
988,5
989,5
990,5
991,5
992,5
993,5
994,5
995,5
996,5
997,5
998,6
999,6
1000,6
1001,6
1002,6
1003,6
1004,6
1005,7
1006,7
1007,7
1008,7
1009,7
1010,7
1011,7
1012,7
1013,10
1014,10
1015,10
1016,10
1017,10
1018,11
1019,11
1020,10
1021,10
1022,11
1023,9
1024,9
1025,9
1026,9
1027,9
1028,8
1029,8
1030,8
1031,8
1032,8
1033,7
1034,7
1035,7
1036,7
1037,8
1038,8
1039,8
1040,8
1041,8
1042,8
1043,9
1044,9
1045,9
1046,8
1047,8
1048,8
1049,8
1050,7
1051,8
1052,7
1053,7
1054,8
1055,8
1056,8
1057,8
1058,9
1059,9
1060,9
1061,11
1062,11
1063,11
1064,10
1065,10
1066,10
1067,11
1068,11
1069,11
1070,10
1071,8
1072,8
1073,7
1074,8
1075,8
1076,8
1077,7
1078,8
1079,8
1080,8
1081,8
1082,8
1083,8
1084,6
1085,6
1086,6
1087,6
1088,5
1089,5
1090,5
1091,5
1092,5
1093,5
1094,5
1095,5
1096,5
1097,5
1098,5
1099,5
1100,4
1101,4
1102,4
1103,4
1104,4
1105,4
1106,5
1107,5
1108,5
1109,5
1110,4
1111,4
1112,4
1113,4
1114,4
1115,4
1116,3
1117,3
1118,3
1119,3
1120,3
1121,3
1122,4
1123,5
1124,5
1125,5
1126,5
1127,5
1128,5
1129,4
1130,4
1131,4
1132,3
1133,1
1134,1
1135,0
1136,0
1137,0
1138,0
1139,0
1140,0
1141,1
1142,1
1143,1
1144,1
1145,1
1146,1
1147,1
1148,1
1149,1
1150,1
1151,0
1152,0
1153,0
1154,0
1155,1
1156,1
1157,1
1158,1
1159,1
1160,1
1161,1
1162,2
1163,2
1164,2
1165,1
1166,2
1167,2
1168,2
1169,2
1170,2
1171,2
1172,2
1173,3
1174,3
1175,3
1176,2
1177,2
1178,3
1179,3
1180,3
1181,3
1182,3
1183,2
1184,2
1185,2
1186,2
1187,3
1188,2
1189,2
1190,2
1191,2
1192,3
1193,3
1194,3
1195,3
1196,3
1197,2
1198,2
1199,2
1200,2
1201,2
1202,2
1203,2
1204,3
1205,3
1206,3
1207,3
1208,3
1209,3
1210,3
1211,2
1212,2
1213,2
1214,2
1215,3
1216,3
1217,2
1218,2
1219,2
1220,2
1221,2
1222,2
1223,2
1224,1
1225,0
1226,0
1227,0
1228,0
1229,2
1230,2
1231,3
1232,3
1233,3
1234,3
1235,3
1236,3
1237,3
1238,3
1239,2
1240,2
1241,1
1242,1
1243,2
1244,2
1245,2
1246,2
1247,2
1248,2
1249,2
1250,3
1251,4
1252,4
1253,3
1254,3
1255,3
1256,3
1257,4
1258,4
1259,4
1260,3
1261,2
1262,3
1263,3
1264,3
1265,5
1266,5
1267,5
1268,6
1269,6
1270,5
1271,5
1272,4
1273,4
1274,4
1275,2
1276,2
1277,3
1278,3
1279,3
1280,3
1281,4
1282,4
1283,4
1284,4
1285,4
1286,4
1287,4
1288,5
1289,5
1290,4
1291,3
1292,3
1293,3
1294,3
1295,4
1296,4
1297,4
1298,5
1299,6
1300,6
1301,6
1302,6
1303,6
1304,6
1305,7
1306,7
1307,7
1308,6
1309,5
1310,5
1311,5
1312,5
1313,6
1314,6
1315,4
1316,4
1317,5
1318,5
1319,5
1320,5
1321,5
1322,6
1323,6
1324,6
1325,6
1326,6
1327,6
1328,6
1329,6
1330,6
1331,6
1332,5
1333,5
1334,5
1335,5
1336,5
1337,5
1338,4
1339,4
1340,4
1341,4
1342,4
1343,4
1344,4
1345,4
1346,4
1347,4
1348,4
1349,4
1350,4
1351,4
1352,4
1353,4
1354,6
1355,6
1356,6
1357,7
1358,8
1359,8
1360,8
1361,7
1362,7
1363,7
1364,5
1365,5
1366,5
1367,4
1368,3
1369,3
1370,3
1371,3
1372,3
1373,2
1374,3
1375,3
1376,5
1377,5
1378,5
1379,5
1380,5
1381,5
1382,6
1383,6
1384,5
1385,6
1386,4
1387,4
1388,4
1389,4
1390,4
1391,4
1392,3
1393,3
1394,3
1395,2
1396,2
1397,2
1398,2
1399,2
1400,2
1401,2
1402,2
1403,2
1404,2
1405,2
1406,2
1407,2
1408,3
1409,3
1410,3
1411,5
1412,5
1413,5
1414,5
1415,5
1416,5
1417,5
1418,4
1419,4
1420,4
1421,3
1422,3
1423,3
1424,4
1425,4
1426,4
1427,4
1428,4
1429,4
1430,4
1431,3
1432,3
1433,3
1434,2
1435,2
1436,2
1437,2
1438,2
1439,2
1440,2
1441,2
1442,2
1443,2
1444,2
1445,2
1446,2
1447,2
1448,2
1449,2
1450,2
1451,2
1452,2
1453,3
1454,3
1455,3
1456,4
1457,5
1458,7
1459,7
1460,7
1461,7
1462,7
1463,6
1464,6
1465,6
1466,5
1467,4
1468,2
1469,2
1470,2
1471,2
1472,2
1473,2
1474,2
1475,2
1476,2
1477,2
1478,2
1479,2
1480,2
1481,2
1482,2
1483,2
1484,2
1485,2
1486,2
1487,2
1488,2
1489,2
1490,2
1491,2
1492,2
1493,2
1494,3
1495,3
1496,3
1497,3
1498,3
1499,4
1500,4
1501,4
1502,4
1503,4
1504,3
1505,3
1506,3
1507,3
1508,3
1509,2
1510,2
1511,2
1512,2
1513,2
1514,2
1515,2
1516,2
1517,2
1518,2
1519,2
1520,2
1521,2
1522,2
1523,2
1524,2
1525,2
1526,2
1527,2
1528,2
1529,3
1530,3
1531,3
1532,4
1533,5
1534,5
1535,5
1536,5
1537,5
1538,5
1539,6
1540,6
1541,6
1542,6
1543,5
1544,5
1545,5
1546,5
1547,5
1548,5
1549,5
1550,7
1551,8
1552,7
1553,7
1554,7
1555,7
1556,7
1557,7
1558,7
1559,7
1560,6
1561,5
1562,5
1563,5
1564,4
1565,4
1566,4
1567,4
1568,6
1569,6
1570,7
1571,6
1572,6
1573,6
1574,6
1575,6
1576,5
1577,5
1578,4
1579,4
1580,3
1581,3
1582,3
1583,3
1584,3
1585,3
1586,3
1587,3
1588,3
1589,3
1590,3
1591,3
1592,3
1593,4
1594,4
1595,4
1596,4
1597,4
1598,4
1599,4
1600,4
1601,4
1602,4
1603,4
1604,4
1605,4
1606,5
1607,5
1608,6
1609,6
1610,6
1611,6
1612,6
1613,6
1614,6
1615,6
1616,6
1617,6
1618,5
1619,5
1620,5
1621,4
1622,4
1623,3
1624,3
1625,3
1626,4
1627,4
1628,4
1629,4
1630,4
1631,4
1632,4
1633,4
1634,4
1635,4
1636,3
1637,3
1638,3
1639,3
1640,3
1641,3
1642,4
1643,4
1644,4
1645,4
1646,6
1647,6
1648,6
1649,6
1650,7
1651,7
1652,7
1653,7
1654,8
1655,8
1656,7
1657,7
1658,7
1659,7
1660,6
1661,6
1662,6
1663,7
1664,6
1665,6
1666,5
1667,5
1668,5
1669,6
1670,6
1671,7
1672,7
1673,6
1674,7
1675,7
1676,7
1677,7
1678,8
1679,8
1680,9
1681,7
1682,7
1683,7
1684,6
1685,7
1686,7
1687,7
1688,6
1689,5
1690,4
1691,4
1692,4
1693,4
1694,4
1695,5
1696,5
1697,5
1698,5
1699,6
1700,7
1701,7
1702,7
1703,7
1704,8
1705,7
1706,9
1707,9
1708,9
1709,7
1710,6
1711,6
1712,6
1713,6
1714,5
1715,5
1716,3
1717,2
1718,2
1719,2
1720,3
1721,4
1722,4
1723,4
1724,4
1725,4
1726,4
1727,4
1728,4
1729,4
1730,3
1731,4
1732,4
1733,4
1734,4
1735,6
1736,6
1737,6
1738,6
0,0
1,0
2,0
3,0
4,0
5,0
6,0
7,0
8,0
9,0
10,0
11,0
12,0
13,0
14,0
15,0
16,0
17,0
18,0
19,0
20,0
21,0
22,0
23,0
24,0
25,0
26,0
27,0
28,0
29,0
30,0
31,0
32,0
33,0
34,0
35,0
36,0
37,0
38,0
39,0
40,0
41,0
42,0
43,0
44,0
45,0
46,0
47,0
48,0
49,0
50,0
51,0
52,0
53,0
54,0
55,0
56,0
57,0
58,0
59,0
60,0
61,0
62,0
63,0
64,0
65,0
66,0
67,0
68,0
69,0
70,0
71,0
72,0
73,0
74,0
75,0
76,0
77,0
78,0
79,0
80,0
81,3
82,7
83,8
84,10
85,10
86,11
87,11
88,12
89,12
90,12
91,12
92,14
93,14
94,13
95,13
96,14
97,14
98,17
99,17
100,18
101,20
102,17
103,18
104,23
105,24
106,24
107,24
108,22
109,21
110,20
111,21
112,19
113,19
114,15
115,13
116,14
117,14
118,14
119,14
120,14
121,14
122,14
123,15
124,15
125,16
126,17
127,17
128,17
129,17
130,17
131,17
132,17
133,16
134,16
135,16
136,16
137,16
138,16
139,16
140,16
141,17
142,17
143,18
144,18
145,18
146,18
147,18
148,18
149,18
150,18
151,18
152,18
153,18
154,17
155,17
156,17
157,17
158,17
159,17
160,17
161,17
162,17
163,17
164,17
165,17
166,17
167,17
168,23
169,23
170,22
171,22
172,22
173,22
174,22
175,21
176,19
177,21
178,16
179,15
180,16
181,16
182,16
183,16
184,16
185,16
186,16
187,14
188,14
189,14
190,13
191,13
192,13
193,13
194,13
195,15
196,16
197,16
198,16
199,16
200,16
201,17
202,17
203,17
204,17
205,15
206,15
207,15
208,14
209,14
210,14
211,14
212,14
213,13
214,13
215,13
216,13
217,13
218,13
219,13
220,13
221,13
222,13
223,13
224,12
225,15
226,15
227,15
228,15
229,15
230,15
231,14
232,14
233,14
234,14
235,11
236,11
237,11
238,11
239,11
240,12
241,12
242,12
243,12
244,12
245,12
246,12
247,12
248,12
249,13
250,13
251,13
252,13
253,13
254,13
255,13
256,14
257,14
258,14
259,14
260,13
261,13
262,13
263,13
264,13
265,13
266,12
267,12
268,12
269,11
270,11
271,11
272,11
273,10
274,14
275,14
276,14
277,14
278,14
279,14
280,14
281,14
282,14
283,14
284,10
285,11
286,11
287,11
288,12
289,12
290,12
291,12
292,13
293,17
294,17
295,20
296,20
297,20
298,20
299,20
300,20
301,20
302,19
303,16
304,16
305,12
306,12
307,12
308,12
309,12
310,12
311,12
312,12
313,13
314,13
315,13
316,13
317,14
318,14
319,15
320,15
321,15
322,15
323,15
324,15
325,16
326,16
327,14
328,14
329,14
330,14
331,13
332,13
333,14
334,15
335,14
336,14
337,15
338,16
339,16
340,16
341,16
342,17
343,17
344,18
345,17
346,16
347,16
348,16
349,16
350,16
351,16
352,15
353,15
354,15
355,15
356,15
357,14
358,14
359,14
360,14
361,14
362,18
363,18
364,18
365,20
366,20
367,19
368,19
369,19
370,19
371,19
372,16
373,16
374,16
375,11
376,11
377,12
378,12
379,12
380,14
381,20
382,20
383,20
384,20
385,20
386,20
387,19
388,19
389,25
390,23
391,18
392,18
393,19
394,19
395,19
396,19
397,19
398,19
399,12
400,12
401,12
402,12
403,12
404,14
405,16
406,16
407,18
408,19
409,20
410,27
411,27
412,27
413,27
414,25
415,24
416,24
417,24
418,24
419,25
420,15
421,16
422,17
423,17
424,17
425,17
426,17
427,17
428,18
429,17
430,16
431,15
432,18
433,18
434,18
435,16
436,16
437,17
438,13
439,13
440,14
441,15
442,11
443,11
444,11
445,11
446,11
447,11
448,11
449,12
450,11
451,12
452,13
453,12
454,12
455,13
456,13
457,12
458,12
459,10
460,11
461,11
462,11
463,12
464,12
465,10
466,10
467,10
468,10
469,11
470,10
471,9
472,9
473,9
474,8
475,8
476,9
477,8
478,8
479,8
480,9
481,12
482,12
483,12
484,12
485,12
486,12
487,13
488,13
489,12
490,11
491,7
492,7
493,7
494,7
495,7
496,7
497,6
498,5
499,5
500,5
501,5
502,4
503,4
504,4
505,4
506,4
507,5
508,4
509,4
510,4
511,4
512,4
513,4
514,4
515,4
516,3
517,3
518,3
519,3
520,3
521,3
522,3
523,3
524,3
525,3
526,3
527,2
528,2
529,2
530,2
531,2
532,1
533,1
534,2
535,2
536,2
537,2
538,2
539,2
540,2
541,2
542,2
543,2
544,1
545,1
546,1
547,1
548,1
549,1
550,1
551,1
552,1
553,1
554,1
555,1
556,1
557,1
558,1
559,2
560,3
561,3
562,3
563,4
564,5
565,6
566,6
567,6
568,6
569,5
570,5
571,6
572,6
573,6
574,5
575,6
576,7
577,7
578,7
579,7
580,6
581,6
582,6
583,6
584,6
585,4
586,3
587,3
588,3
589,3
590,3
591,3
592,3
593,4
594,4
595,4
596,4
597,4
598,4
599,4
600,4
601,3
602,3
603,3
604,4
605,4
606,4
607,4
608,4
609,5
610,4
611,4
612,4
613,5
614,4
615,4
616,4
617,4
618,4
619,3
620,3
621,3
622,3
623,2
624,2
625,2
626,2
627,2
628,2
629,3
630,3
631,3
632,3
633,3
634,3
635,4
636,4
637,4
638,4
639,3
640,3
641,3
642,3
643,3
644,3
645,2
646,2
647,2
648,2
649,2
650,2
651,2
652,2
653,2
654,2
655,2
656,2
657,2
658,2
659,2
660,6
661,6
662,6
663,6
664,6
665,6
666,6
667,6
668,6
669,6
670,2
671,2
672,2
673,2
674,2
675,2
676,2
677,2
678,2
679,2
680,2
681,2
682,2
683,3
684,3
685,3
686,3
687,3
688,4
689,4
690,4
691,5
692,6
693,5
694,5
695,5
696,5
697,6
698,5
699,5
700,5
701,4
702,3
703,4
704,4
705,4
706,4
707,3
708,3
709,6
710,6
711,8
712,8
713,7
714,7
715,7
716,7
717,7
718,8
719,6
720,6
721,5
722,5
723,5
724,5
725,6
726,6
727,6
728,5
729,5
730,5
731,5
732,5
733,5
734,5
735,4
736,4
737,4
738,4
739,4
740,4
741,4
742,4
743,3
744,4
745,4
746,4
747,4
748,4
749,4
750,4
751,4
752,4
753,4
754,3
755,3
756,3
757,3
758,3
759,3
760,3
761,3
762,3
763,3
764,3
765,3
766,3
767,3
768,3
769,3
770,3
771,3
772,3
773,3
774,3
775,3
776,3
777,3
778,3
779,3
780,3
781,3
782,3
783,3
784,3
785,3
786,3
787,3
788,3
789,3
790,3
791,3
792,3
793,3
794,3
795,3
796,3
797,3
798,3
799,3
800,3
801,3
802,3
803,3
804,3
805,3
806,3
807,3
808,3
809,3
810,3
811,3
812,3
813,3
814,3
815,3
816,3
817,3
818,3
819,3
820,3
821,3
822,3
823,3
824,3
825,3
826,3
827,3
828,3
829,3
830,3
831,3
832,3
833,3
834,3
835,3
836,3
837,3
838,3
839,3
840,3
841,3
842,3
843,3
844,3
845,3
846,3
847,3
848,3
849,3
850,3
851,3
852,3
853,3
854,3
855,3
856,3
857,3
858,4
859,6
860,6
861,6
862,6
863,6
864,6
865,6
866,6
867,6
868,5
869,3
870,3
871,3
872,4
873,4
874,4
875,4
876,4
877,5
878,5
879,6
880,9
881,10
882,9
883,10
884,10
885,10
886,10
887,9
888,9
889,9
890,6
891,6
892,6
893,5
894,5
895,5
896,5
897,5
898,5
899,5
900,5
901,4
902,4
903,4
904,4
905,4
906,4
907,5
908,6
909,6
910,5
911,5
912,5
913,5
914,5
915,6
916,6
917,5
918,4
919,4
920,4
921,5
922,5
923,6
924,6
925,6
926,6
927,7
928,8
929,8
930,9
931,8
932,8
933,7
934,7
935,7
936,8
937,8
938,8
939,8
940,7
941,7
942,7
943,7
944,7
945,6
946,5
947,5
948,5
949,5
950,5
951,5
952,5
953,6
954,6
955,6
956,6
957,6
958,6
959,5
960,5
961,5
962,5
963,4
964,4
965,4
966,3
967,3
968,3
969,3
970,3
971,3
972,3
973,3
974,3
975,3
976,3
977,3
978,3
979,3
980,3
981,3
982,3
983,3
984,3
985,3
986,3
987,3
988,3
989,3
990,3
991,3
992,3
993,3
994,3
995,3
996,3
997,3
998,3
999,4
1000,4
1001,4
1002,4
1003,4
1004,4
1005,4
1006,4
1007,4
1008,4
1009,3
1010,3
1011,3
1012,3
1013,3
1014,3
1015,4
1016,4
1017,4
1018,4
1019,4
1020,5
1021,5
1022,5
1023,5
1024,5
1025,5
1026,5
1027,6
1028,7
1029,6
1030,6
1031,6
1032,6
1033,8
1034,9
1035,9
1036,9
1037,9
1038,8
1039,8
1040,8
1041,8
1042,8
1043,6
1044,5
1045,5
1046,5
1047,4
1048,5
1049,5
1050,5
1051,5
1052,5
1053,5
1054,5
1055,5
1056,5
1057,5
1058,4
1059,4
1060,4
1061,4
1062,4
1063,5
1064,5
1065,5
1066,5
1067,5
1068,6
1069,6
1070,6
0,0
1,0
2,0
3,0
4,0
5,0
6,0
7,0
8,0
9,0
10,0
11,0
12,0
13,0
14,0
15,0
16,0
17,0
18,0
19,0
20,0
21,0
22,0
23,0
24,0
25,0
26,0
27,0
28,0
29,0
30,0
31,0
32,0
33,0
34,0
35,0
36,0
37,0
38,0
39,0
40,0
41,0
42,0
43,0
44,0
45,0
46,0
47,0
48,0
49,0
50,0
51,0
52,0
53,0
54,0
55,0
56,0
57,0
58,0
59,0
60,0
61,0
62,0
63,0
64,0
65,0
66,0
67,0
68,0
69,0
70,0
71,0
72,0
73,0
74,0
75,0
76,0
77,0
78,0
79,0
80,0
81,2
82,3
83,3
84,3
85,3
86,4
87,4
88,5
89,7
90,10
91,10
92,10
93,10
94,10
95,10
96,9
97,9
98,9
99,10
100,9
101,12
102,13
103,16
104,16
105,16
106,16
107,16
108,16
109,14
110,15
111,13
112,13
113,10
114,10
115,11
116,12
117,12
118,12
119,13
120,12
121,12
122,12
123,12
124,12
125,11
126,10
127,10
128,11
129,10
130,10
131,10
132,10
133,10
134,12
135,12
136,12
137,11
138,13
139,13
140,13
141,13
142,13
143,13
144,11
145,11
146,11
147,11
148,8
149,8
150,8
151,8
152,8
153,10
154,10
155,13
156,13
157,13
158,13
159,13
160,14
161,16
162,16
163,14
164,14
165,11
166,12
167,12
168,12
169,12
170,11
171,10
172,10
173,10
174,10
175,10
176,9
177,10
178,10
179,10
180,11
181,11
182,14
183,16
184,16
185,17
186,17
187,17
188,17
189,17
190,16
191,15
192,12
193,10
194,10
195,8
196,8
197,8
198,9
199,9
200,9
201,9
202,9
203,9
204,9
205,9
206,9
207,9
208,8
209,9
210,9
211,9
212,9
213,9
214,9
215,9
216,9
217,12
218,13
219,12
220,12
221,12
222,13
223,13
224,14
225,16
226,16
227,14
228,13
229,14
230,15
231,15
232,14
233,14
234,13
235,11
236,12
237,11
238,12
239,13
240,12
241,13
242,17
243,17
244,17
245,18
246,17
247,16
248,15
249,13
250,16
251,15
252,13
253,13
254,13
255,12
256,12
257,12
258,12
259,12
260,13
261,13
262,12
263,13
264,13
265,14
266,14
267,14
268,14
269,14
270,10
271,10
272,10
273,8
274,9
275,8
276,8
277,8
278,9
279,9
280,9
281,10
282,10
283,10
284,10
285,10
286,10
287,10
288,9
289,9
290,9
291,11
292,11
293,11
294,11
295,11
296,11
297,11
298,11
299,11
300,11
301,8
302,8
303,8
304,9
305,9
306,9
307,10
308,10
309,10
310,10
311,10
312,10
313,10
314,9
315,9
316,9
317,9
318,9
319,10
320,12
321,13
322,14
323,16
324,16
325,16
326,16
327,16
328,17
329,17
330,15
331,14
332,13
333,10
334,10
335,10
336,10
337,10
338,9
339,8
340,8
341,8
342,8
343,8
344,8
345,9
346,9
347,9
348,9
349,9
350,9
351,9
352,9
353,15
354,15
355,14
356,14
357,14
358,14
359,14
360,14
361,14
362,14
363,8
364,11
365,12
366,12
367,12
368,12
369,12
370,12
371,12
372,12
373,12
374,9
375,10
376,11
377,11
378,12
379,12
380,12
381,12
382,12
383,12
384,12
385,10
386,10
387,10
388,9
389,9
390,9
391,8
392,9
393,10
394,10
395,10
396,9
397,9
398,9
399,9
400,9
401,9
402,8
403,8
404,8
405,8
406,8
407,8
408,8
409,8
410,9
411,9
412,10
413,10
414,10
415,11
416,11
417,11
418,10
419,13
420,14
421,14
422,13
423,13
424,13
425,14
426,14
427,14
428,14
429,13
430,11
431,11
432,11
433,11
434,11
435,9
436,10
437,11
438,11
439,9
440,9
441,9
442,9
443,9
444,9
445,11
446,10
447,9
448,12
449,12
450,13
451,13
452,13
453,14
454,15
455,12
456,13
457,13
458,10
459,11
460,11
461,10
462,10
463,9
464,10
465,11
466,13
467,13
468,15
469,15
470,16
471,18
472,18
473,19
474,19
475,19
476,19
477,20
478,20
479,20
480,19
481,18
482,18
483,18
484,16
485,15
486,12
487,13
488,12
489,13
490,17
491,17
492,18
493,16
494,16
495,17
496,17
497,17
498,21
499,21
500,17
501,17
502,17
503,17
504,21
505,20
506,20
507,20
508,17
509,20
510,20
511,21
512,20
513,21
514,17
515,19
516,20
517,19
518,17
519,13
520,14
521,13
522,13
523,12
524,13
525,11
526,10
527,10
528,10
529,10
530,10
531,9
532,9
533,9
534,9
535,11
536,11
537,11
538,11
539,15
540,16
541,15
542,15
543,15
544,15
545,12
546,12
547,13
548,13
549,10
550,9
551,9
552,10
553,15
554,15
555,15
556,14
557,13
558,16
559,15
560,15
561,19
562,20
563,15
564,15
565,15
566,15
567,15
568,14
569,14
570,14
571,10
572,9
573,9
574,10
575,12
576,12
577,11
578,10
579,11
580,11
581,11
582,12
583,12
584,11
585,9
586,9
587,9
588,9
589,8
590,8
591,8
592,7
593,7
594,7
595,6
596,5
597,5
598,5
599,5
600,6
601,7
602,7
603,7
604,7
605,7
606,7
607,7
608,7
609,7
610,12
611,11
612,11
613,11
614,11
615,11
616,11
617,11
618,12
619,12
620,8
621,8
622,8
623,8
624,11
625,11
626,11
627,11
628,10
629,11
630,10
631,10
632,10
633,10
634,7
635,7
636,8
637,8
638,7
639,6
640,6
641,5
642,5
643,5
644,5
645,6
646,5
647,5
648,6
649,6
650,6
651,5
652,5
653,5
654,5
655,5
656,5
657,6
658,5
659,5
660,6
661,7
662,6
663,6
664,6
665,5
666,5
667,5
668,4
669,5
670,4
671,2
672,3
673,3
674,3
675,3
676,3
677,3
678,3
679,2
680,2
681,2
682,2
683,2
684,1
685,1
686,1
687,1
688,0
689,0
690,0
691,0
692,1
693,1
694,3
695,3
696,4
697,4
698,4
699,5
700,5
701,5
702,6
703,7
704,8
705,9
706,9
707,10
708,10
709,9
710,9
711,10
712,9
713,9
714,8
715,7
716,7
717,6
718,7
719,8
720,8
721,7
722,8
723,6
724,6
725,6
726,6
727,6
728,5
729,6
730,6
731,6
732,5
733,5
734,6
735,6
736,7
737,7
738,7
739,5
740,5
741,5
742,6
743,6
744,5
745,6
746,5
747,6
748,6
749,6
750,5
751,5
752,5
753,5
754,5
755,5
756,5
757,4
758,4
759,6
760,5
761,5
762,5
763,5
764,4
765,4
766,4
767,4
768,4
769,2
770,2
771,2
772,2
773,2
774,2
775,2
776,2
777,2
778,2
779,2
780,2
781,2
782,2
783,2
784,2
785,2
786,2
787,2
788,2
789,2
790,2
791,3
792,3
793,3
794,2
795,2
796,2
797,2
798,2
799,2
800,2
801,1
802,1
803,1
804,1
805,1
806,1
807,1
808,1
809,1
810,1
811,1
812,1
813,1
814,1
815,1
816,1
817,1
818,1
819,1
820,1
821,1
822,1
823,1
824,1
825,1
826,1
827,2
828,2
829,2
830,3
831,3
832,3
833,4
834,5
835,5
836,5
837,4
838,5
839,5
840,4
841,5
842,5
843,4
844,3
845,3
846,3
847,3
848,2
849,2
850,2
851,3
852,3
853,4
854,4
855,4
856,4
857,4
858,4
859,6
860,6
861,6
862,5
863,4
864,4
865,4
866,4
867,4
868,4
869,3
870,3
871,3
872,3
873,3
874,3
875,3
876,3
877,3
878,3
879,2
880,2
881,2
882,2
883,2
884,2
885,2
886,2
887,3
888,3
889,3
890,3
891,3
892,3
893,3
894,3
895,4
896,4
897,4
898,3
899,3
900,3
901,3
902,3
903,3
904,3
905,2
906,2
907,2
908,2
909,2
910,2
911,2
912,2
913,2
914,2
915,2
916,2
917,2
918,2
919,2
920,2
921,2
922,2
923,2
924,2
925,2
926,2
927,2
928,2
929,2
930,2
931,2
932,2
933,2
934,2
935,2
936,2
937,2
938,2
939,2
940,2
941,2
942,2
943,2
944,2
945,2
946,2
947,2
948,2
949,2
950,2
951,2
952,2
953,2
954,2
955,2
956,2
957,2
958,2
959,2
960,2
961,2
962,2
963,2
964,2
965,2
966,2
967,2
968,2
969,2
970,2
971,2
972,2
973,2
974,2
975,2
976,2
977,2
978,2
979,2
980,2
981,3
982,3
983,3
984,3
985,3
986,3
987,3
988,3
989,3
990,3
991,2
992,2
993,2
994,2
995,2
996,2
997,2
998,2
999,2
1000,2
1001,2
1002,2
1003,2
1004,2
1005,2
1006,2
1007,2
1008,3
1009,3
1010,3
1011,3
1012,3
1013,3
1014,3
1015,5
1016,5
1017,6
1018,5
1019,5
1020,5
1021,6
1022,6
1023,6
1024,6
1025,4
1026,4
1027,3
1028,3
1029,3
1030,3
1031,3
1032,3
1033,4
1034,4
1035,5
1036,5
1037,5
1038,8
1039,8
1040,8
1041,8
1042,8
1043,7
1044,7
1045,6
1046,6
1047,8
1048,5
1049,5
1050,5
1051,5
1052,5
1053,10
1054,10
1055,10
1056,10
1057,10
1058,11
1059,11
1060,11
1061,13
1062,15
1063,10
1064,11
1065,11
1066,11
1067,11
1068,14
1069,14
1070,14
1071,12
1072,10
1073,11
1074,11
1075,11
1076,11
1077,12
1078,9
1079,9
1080,10
1081,10
1082,10
1083,9
1084,9
1085,9
1086,9
1087,8
1088,9
1089,9
1090,8
1091,8
1092,8
1093,8
1094,8
1095,8
1096,8
1097,9
1098,8
1099,9
1100,10
1101,10
1102,10
1103,10
1104,10
1105,10
1106,10
1107,10
1108,9
1109,9
1110,8
1111,8
1112,9
1113,10
1114,10
1115,10
1116,10
1117,10
1118,10
1119,9
1120,9
1121,10
1122,9
1123,8
1124,8
1125,8
1126,9
1127,7
1128,7
1129,7
1130,7
1131,6
1132,6
1133,7
1134,6
1135,6
1136,5
1137,5
1138,5
1139,5
1140,5
1141,5
1142,5
1143,5
1144,5
1145,5
1146,5
1147,5
1148,5
1149,5
1150,5
1151,5
1152,5
1153,5
1154,5
1155,5
1156,5
1157,5
1158,5
1159,5
1160,5
1161,6
1162,6
1163,5
1164,5
1165,5
1166,5
1167,5
1168,6
1169,6
1170,6
1171,5
1172,5
1173,6
1174,6
1175,7
1176,7
1177,7
1178,7
1179,6
1180,7
1181,7
1182,7
1183,6
1184,6
1185,6
1186,6
1187,6
1188,6
1189,7
1190,7
1191,6
1192,5
1193,5
1194,6
1195,6
1196,6
1197,6
1198,6
1199,5
1200,5
1201,5
1202,5
1203,5
1204,5
1205,5
1206,5
1207,5
1208,5
1209,5
1210,5
1211,5
1212,6
1213,6
1214,5
1215,5
1216,5
1217,5
1218,5
1219,5
1220,6
1221,6
1222,5
1223,5
1224,5
1225,5
1226,6
1227,6
1228,6
1229,6
1230,5
1231,5
1232,5
1233,5
1234,6
1235,6
1236,5
1237,5
1238,5
1239,5
1240,5
1241,6
1242,6
1243,6
1244,5
1245,5
1246,5
1247,5
1248,5
1249,5
1250,5
1251,5
1252,5
1253,5
1254,5
1255,5
1256,5
1257,5
1258,5
1259,5
1260,5
1261,5
1262,5
1263,5
1264,5
1265,5
1266,5
1267,5
1268,5
1269,5
1270,5
1271,5
1272,5
1273,5
1274,5
1275,6
1276,6
1277,6
1278,6
1279,6
1280,6
1281,6
1282,6
1283,6
1284,6
1285,5
1286,5
1287,5
1288,5
1289,5
1290,5
1291,5
1292,4
1293,4
1294,4
1295,4
1296,4
1297,3
1298,3
1299,3
1300,3
1301,3
1302,3
1303,3
1304,4
1305,4
1306,4
1307,4
1308,4
1309,4
1310,4
1311,4
1312,4
1313,5
1314,5
1315,5
1316,5
1317,5
1318,5
1319,5
1320,5
1321,5
1322,5
1323,5
1324,5
1325,5
1326,5
1327,5
1328,5
1329,4
1330,4
1331,4
1332,4
1333,4
1334,4
1335,4
1336,4
1337,4
1338,4
1339,4
1340,4
1341,4
1342,5
1343,5
1344,5
1345,5
1346,5
1347,5
1348,5
1349,5
1350,5
1351,5
1352,5
1353,6
1354,6
1355,6
1356,6
1357,7
1358,8
1359,8
1360,8
1361,8
1362,8
1363,7
1364,7
1365,7
1366,7
1367,6
1368,6
1369,6
1370,7
1371,7
1372,7
1373,7
1374,6
1375,6
1376,6
1377,6
1378,7
1379,7
1380,7
1381,6
1382,6
1383,7
1384,7
1385,7
1386,7
1387,7
1388,6
1389,6
1390,7
1391,9
1392,9
1393,9
1394,9
1395,12
1396,12
1397,14
1398,14
1399,15
1400,14
1401,13
1402,13
1403,13
1404,13
1405,13
1406,14
0,0
1,0
2,0
3,0
4,0
5,0
6,0
7,0
8,0
9,0
10,0
11,0
12,0
13,0
14,0
15,0
16,0
17,0
18,0
19,0
20,0
21,0
22,0
23,0
24,0
25,0
26,0
27,0
28,0
29,0
30,0
31,0
32,0
33,0
34,0
35,0
36,0
37,0
38,0
39,0
40,0
41,0
42,0
43,0
44,0
45,0
46,0
47,0
48,0
49,0
50,0
51,0
52,0
53,0
54,0
55,0
56,0
57,0
58,0
59,0
60,0
61,0
62,0
63,0
64,0
65,0
66,0
67,0
68,0
69,0
70,0
71,0
72,0
73,0
74,0
75,0
76,0
77,0
78,0
79,0
80,0
81,2
82,3
83,4
84,6
85,7
86,8
87,8
88,8
89,9
90,11
91,9
92,10
93,12
94,12
95,13
96,14
97,14
98,14
99,14
100,14
101,13
102,13
103,12
104,12
105,11
106,10
107,10
108,10
109,11
110,10
111,10
112,10
113,10
114,11
115,11
116,11
117,13
118,15
119,14
120,14
121,15
122,16
123,19
124,18
125,20
126,21
127,19
128,18
129,19
130,19
131,20
132,20
133,20
134,21
135,21
136,19
137,19
138,18
139,17
140,17
141,17
142,16
143,13
144,14
145,13
146,15
147,16
148,16
149,17
150,17
151,17
152,20
153,19
154,18
155,18
156,17
157,17
158,16
159,16
160,16
161,17
162,14
163,14
164,13
165,14
166,15
167,14
168,14
169,14
170,14
171,14
172,14
173,15
174,15
175,15
176,15
177,16
178,16
179,16
180,16
181,16
182,16
183,13
184,15
185,16
186,16
187,15
188,15
189,16
190,17
191,17
192,17
193,18
194,18
195,17
196,17
197,17
198,17
199,16
200,18
201,19
202,19
203,19
204,19
205,18
206,18
207,20
208,20
209,20
210,18
211,16
212,15
213,15
214,15
215,15
216,15
217,12
218,12
219,12
220,12
221,12
222,15
223,15
224,15
225,15
226,15
227,16
228,16
229,18
230,18
231,18
232,18
233,18
234,18
235,18
236,18
237,23
238,23
239,21
240,20
241,20
242,20
243,20
244,20
245,20
246,20
247,13
248,14
249,16
250,17
251,18
252,18
253,22
254,22
255,22
256,22
257,21
258,20
259,19
260,18
261,17
262,17
263,13
264,13
265,20
266,20
267,20
268,20
269,20
270,20
271,20
272,20
273,19
274,19
275,11
276,11
277,12
278,13
279,13
280,13
281,13
282,13
283,13
284,13
285,13
286,14
287,14
288,13
289,13
290,13
291,13
292,12
293,12
294,13
295,13
296,12
297,11
298,10
299,15
300,15
301,15
302,15
303,15
304,14
305,14
306,14
307,14
308,14
309,10
310,11
311,11
312,11
313,11
314,11
315,11
316,11
317,11
318,11
319,12
320,11
321,11
322,11
323,11
324,11
325,11
326,10
327,11
328,11
329,10
330,10
331,9
332,9
333,9
334,9
335,9
336,9
337,10
338,10
339,10
340,11
341,11
342,11
343,11
344,11
345,16
346,16
347,17
348,18
349,18
350,16
351,16
352,16
353,16
354,16
355,11
356,10
357,8
358,8
359,8
360,8
361,7
362,9
363,9
364,9
365,10
366,15
367,15
0,0
1,0
2,0
3,0
4,0
5,0
6,0
7,0
8,0
9,0
10,0
11,0
12,0
13,0
14,0
15,0
16,0
17,0
18,0
19,0
20,0
21,0
22,0
23,0
24,0
25,0
26,0
27,0
28,0
29,0
30,0
31,0
32,0
33,0
34,0
35,0
36,0
37,0
38,0
39,0
40,0
41,0
42,0
43,0
44,0
45,0
46,0
47,0
48,0
49,0
50,0
51,0
52,0
53,0
54,0
55,0
56,0
57,0
58,0
59,0
60,0
61,0
62,0
63,0
64,0
65,0
66,0
67,0
68,0
69,0
70,0
71,0
72,0
73,0
74,0
75,0
76,0
77,0
78,0
79,0
80,0
81,2
82,3
83,3
84,6
85,8
86,11
87,13
88,16
89,17
90,19
91,20
92,20
93,20
94,17
95,16
96,15
97,14
98,11
99,10
100,8
101,8
102,9
103,9
104,9
105,9
106,8
107,8
108,8
109,8
110,8
111,9
112,9
113,9
114,9
115,9
116,9
117,9
118,8
119,9
120,9
121,8
122,8
123,8
124,8
125,9
126,9
127,9
128,10
129,9
130,9
131,9
132,9
133,11
134,11
135,10
136,10
137,11
138,11
139,11
140,11
141,11
142,11
143,10
144,10
145,10
146,10
147,9
148,8
149,8
150,8
151,9
152,10
153,9
154,9
155,9
156,10
157,10
158,10
159,11
160,12
161,12
162,11
163,11
164,11
165,11
166,10
167,10
168,10
169,9
170,7
171,7
172,7
173,8
174,9
175,10
176,10
177,11
178,11
179,11
180,12
181,12
182,13
183,14
184,14
185,13
186,14
187,14
188,15
189,16
190,16
191,16
192,15
193,14
194,12
195,12
196,11
197,12
198,12
199,11
200,10
201,12
202,12
203,11
204,11
205,12
206,11
207,10
208,10
209,10
210,10
211,9
212,9
213,9
214,9
215,9
216,9
217,8
218,8
219,8
220,8
221,7
222,7
223,7
224,7
225,7
226,7
227,7
228,7
229,7
230,7
231,7
232,7
233,8
234,8
235,7
236,7
237,7
238,7
239,7
240,7
241,7
242,7
243,6
244,6
245,7
246,7
247,7
248,7
249,7
250,7
251,7
252,7
253,7
254,7
255,6
256,6
257,6
258,7
259,7
260,7
261,7
262,7
263,7
264,7
265,7
266,7
267,7
268,6
269,6
270,7
271,9
272,9
273,9
274,9
275,11
276,11
277,11
278,11
279,11
280,10
281,8
282,9
283,9
284,9
285,7
286,7
287,7
288,7
289,7
290,7
291,7
292,7
293,7
294,8
295,8
296,8
297,8
298,9
299,9
300,9
301,9
302,9
303,9
304,8
305,8
306,8
307,8
308,8
309,8
310,8
311,9
312,9
313,9
314,9
315,9
316,10
317,10
318,9
319,9
320,11
321,10
322,10
323,10
324,10
325,10
326,9
327,10
328,10
329,10
330,9
331,9
332,9
333,9
334,10
335,10
336,10
337,9
338,9
339,9
340,8
341,8
342,8
343,8
344,7
345,7
346,7
347,7
348,8
349,8
350,9
351,10
352,10
353,10
354,9
355,9
356,9
357,9
358,7
359,7
360,7
361,8
362,8
363,9
364,9
365,10
366,10
367,10
368,10
369,10
370,10
371,10
372,10
373,9
374,9
375,8
376,8
377,8
378,8
379,9
380,9
381,8
382,8
383,8
384,8
385,8
386,9
387,10
388,10
389,9
390,10
391,10
392,10
393,10
394,10
395,10
396,9
397,8
398,9
399,9
400,8
401,8
402,8
403,8
404,9
405,9
406,10
407,11
408,9
409,10
410,10
411,10
412,11
413,12
414,11
415,11
416,10
417,12
418,12
419,13
420,13
421,13
422,13
423,12
424,12
425,12
426,12
427,13
428,13
429,13
430,12
431,11
432,11
433,11
434,11
435,11
436,11
437,11
438,12
439,13
440,13
441,12
442,11
443,12
444,12
445,12
446,14
447,14
448,14
449,13
450,13
451,13
452,13
453,11
454,11
455,11
456,11
457,12
458,12
459,13
460,15
461,15
462,15
463,15
464,15
465,16
466,18
467,17
468,20
469,18
470,16
471,15
472,15
473,16
474,18
475,17
476,16
477,17
478,15
479,17
480,19
481,20
482,20
483,20
484,18
485,18
486,18
487,19
488,22
489,23
490,22
491,21
492,20
493,19
494,19
495,18
496,18
497,18
498,17
499,13
500,13
501,13
502,12
503,12
504,11
505,12
506,13
507,12
508,12
509,11
510,13
511,13
512,14
513,14
514,13
515,14
516,13
517,13
518,12
519,13
520,11
521,13
522,12
523,12
524,12
525,12
526,12
527,12
528,12
529,12
530,12
531,11
532,11
533,10
534,10
535,9
536,9
537,9
538,9
539,9
540,9
541,9
542,8
543,8
544,8
545,8
546,8
547,8
548,8
549,9
550,9
551,9
552,9
553,9
554,9
555,7
556,7
557,6
558,6
559,6
560,8
561,8
562,8
563,7
564,7
565,7
566,7
567,9
568,9
569,9
570,7
571,8
572,8
573,8
574,8
575,9
576,9
577,8
578,8
579,8
580,8
581,7
582,7
583,7
584,7
585,6
586,6
587,5
588,5
589,6
590,9
591,9
592,9
593,9
594,10
595,10
596,10
597,11
598,11
599,11
600,11
601,11
602,11
603,12
604,11
605,12
606,14
607,14
608,15
609,15
610,12
611,12
612,12
613,13
614,13
615,13
616,10
617,10
618,10
619,10
620,10
621,10
622,10
623,10
624,10
625,11
626,11
627,11
628,10
629,10
630,10
631,10
632,8
633,6
634,6
635,5
636,5
637,5
638,5
639,6
640,6
641,6
642,6
643,7
644,7
645,7
646,7
647,7
648,7
649,7
650,8
651,8
652,8
653,7
654,7
655,7
656,7
657,7
658,6
659,6
660,6
661,6
662,6
663,6
664,6
665,5
666,5
667,4
668,4
669,4
670,4
671,4
672,4
673,4
674,4
675,4
676,4
677,4
678,5
679,5
680,5
681,5
682,5
683,7
684,7
685,8
686,9
687,9
688,8
689,8
690,9
691,9
692,9
693,7
694,7
695,7
696,7
697,8
698,8
699,8
700,8
701,10
702,11
703,10
704,10
705,9
706,10
707,9
708,9
709,9
710,8
711,6
712,5
713,5
714,6
715,8
716,7
717,7
718,6
719,7
720,8
721,8
722,8
723,8
724,8
725,9
726,10
727,12
728,13
729,12
730,12
731,12
732,13
733,14
734,15
735,14
736,13
737,13
738,12
739,14
740,12
741,12
742,11
743,11
744,10
745,10
746,10
747,9
748,11
749,11
750,11
751,12
752,12
753,12
754,12
755,12
756,11
757,10
758,9
759,9
760,9
761,7
762,7
763,7
764,7
765,7
766,7
767,7
768,6
769,5
770,5
771,5
772,5
773,5
774,5
775,5
776,5
777,4
778,4
779,4
780,4
781,5
782,5
783,5
784,5
785,5
786,5
787,5
788,5
789,5
790,5
791,5
792,4
793,4
794,4
795,4
796,4
797,4
798,4
799,4
800,5
801,6
802,7
803,7
804,8
805,8
806,8
807,8
808,8
809,8
810,8
811,8
812,9
813,10
814,10
815,11
816,14
817,15
818,16
819,16
820,16
821,15
822,13
823,12
824,12
825,11
826,8
827,8
828,7
829,7
830,7
831,7
832,11
833,13
834,12
835,12
836,12
837,13
838,13
839,12
840,12
841,11
842,7
843,6
844,7
845,7
846,7
847,7
848,7
849,7
850,7
851,8
852,8
853,8
854,8
855,7
856,7
857,5
858,5
859,5
860,5
861,4
862,4
863,4
864,4
865,4
866,4
867,4
868,4
869,4
870,5
871,6
872,6
873,7
874,7
875,7
876,7
877,6
878,6
879,7
880,6
881,5
882,5
883,4
884,4
885,4
886,4
887,4
888,4
889,2
890,2
891,2
892,2
893,2
894,2
895,2
896,2
897,1
898,1
899,1
900,1
901,1
902,1
903,1
904,1
905,1
906,1
907,1
908,1
909,1
910,2
911,2
912,2
913,2
914,2
915,2
916,2
917,2
918,2
919,2
920,1
921,1
922,1
923,1
924,1
925,1
926,1
927,1
928,1
929,1
930,1
931,1
932,1
933,1
934,1
935,1
936,1
937,1
938,1
939,1
940,1
941,1
942,1
943,1
944,1
945,1
946,1
947,1
948,1
949,1
950,1
951,1
952,1
953,1
954,1
955,1
956,1
957,1
958,1
959,1
960,1
961,1
962,1
963,1
964,1
0,0
1,0
2,0
3,0
4,0
5,0
6,0
7,0
8,0
9,0
10,0
11,0
12,0
13,0
14,0
15,0
16,0
17,0
18,0
19,0
20,0
21,0
22,0
23,0
24,0
25,0
26,0
27,0
28,0
29,0
30,0
31,0
32,0
33,0
34,0
35,0
36,0
37,0
38,0
39,0
40,0
41,0
42,0
43,0
44,0
45,0
46,0
47,0
48,0
49,0
50,0
51,0
52,0
53,0
54,0
55,0
56,0
57,0
58,0
59,0
60,0
61,0
62,0
63,0
64,0
65,0
66,0
67,0
68,0
69,0
70,0
71,0
72,0
73,0
74,0
75,0
76,0
77,0
78,0
79,0
80,0
81,4
82,8
83,10
84,11
85,12
86,15
87,15
88,16
89,17
90,17
91,15
92,14
93,15
94,16
95,18
96,19
97,20
98,24
99,29
100,32
101,33
102,33
103,34
104,33
105,33
106,36
107,39
108,35
109,32
110,32
111,32
112,33
113,33
114,32
115,31
116,29
117,28
118,31
119,31
120,31
121,31
122,31
123,31
124,30
125,30
126,30
127,28
128,26
129,25
130,25
131,25
132,24
133,23
134,24
135,26
136,25
137,25
138,28
139,28
140,28
141,28
142,28
143,28
144,27
145,25
146,25
147,31
148,28
149,28
150,29
151,30
152,30
153,30
154,30
155,30
156,30
157,25
158,25
159,30
160,29
161,28
162,28
163,28
164,27
165,27
166,28
167,29
168,29
169,26
170,26
171,28
172,28
173,28
174,27
175,27
176,27
177,26
178,26
179,25
180,25
181,24
182,25
183,25
184,25
185,25
186,25
187,27
188,30
189,30
190,41
191,41
192,40
193,40
194,40
195,40
196,40
197,38
198,35
199,35
200,30
201,31
202,31
203,31
204,31
205,31
206,31
207,31
208,32
209,32
210,31
211,31
212,32
213,33
214,33
215,33
216,33
217,33
218,31
219,31
220,31
221,30
222,29
223,30
224,35
225,35
226,35
227,37
228,37
229,37
230,43
231,43
232,43
233,42
234,38
235,38
236,38
237,36
238,36
239,36
240,26
241,26
242,29
243,29
244,30
245,31
246,31
247,32
248,32
249,32
250,32
251,33
252,30
253,30
254,29
255,28
256,28
257,31
258,31
259,31
260,32
261,31
262,31
263,32
264,32
265,32
266,34
267,30
268,30
269,30
270,28
271,28
272,29
273,29
274,31
275,30
276,28
277,28
278,28
279,28
280,27
281,27
282,26
283,29
284,26
285,26
286,26
287,26
288,26
289,27
290,27
291,28
292,28
293,23
294,23
295,23
296,23
297,27
298,27
299,26
300,26
301,25
302,25
303,25
304,25
305,27
306,27
307,23
308,24
309,24
310,25
311,25
312,25
313,25
314,25
315,22
316,22
317,24
318,23
319,23
320,22
321,22
322,22
323,21
324,21
325,21
326,21
327,20
328,20
329,20
330,20
331,22
332,22
333,22
334,22
335,22
336,22
337,20
338,21
339,21
340,21
341,18
342,18
343,18
344,18
345,18
346,18
347,18
348,17
349,17
350,17
351,18
352,18
353,19
354,19
355,19
356,19
357,19
358,19
359,19
360,19
361,18
362,18
363,17
364,17
365,17
366,17
367,21
368,21
369,21
370,21
371,20
372,21
373,21
374,21
375,21
376,24
377,20
378,20
379,20
380,23
381,23
382,23
383,23
384,23
385,23
386,20
387,20
388,20
389,21
390,18
391,18
392,17
393,21
394,21
395,21
396,21
397,21
398,21
399,22
400,23
401,23
402,23
403,21
404,21
405,20
406,22
407,22
408,24
409,24
410,24
411,26
412,26
413,25
414,25
415,25
416,25
417,29
418,27
419,28
420,28
421,27
422,27
423,27
424,27
425,27
426,27
427,24
428,31
429,31
430,31
431,30
432,30
433,30
434,32
435,31
436,33
437,34
438,27
439,27
440,30
441,30
442,30
443,30
444,28
445,28
446,27
447,28
448,29
449,30
450,28
451,31
452,30
453,30
454,31
455,34
456,34
457,34
458,33
459,32
460,31
461,31
462,32
463,33
464,32
465,32
466,32
467,34
468,36
469,35
470,35
471,35
472,34
473,33
474,35
475,34
476,34
477,31
478,29
479,29
480,29
481,29
482,29
483,29
484,29
485,31
486,31
487,32
488,37
489,40
490,38
491,38
492,38
493,42
494,40
495,40
496,51
497,50
498,45
499,43
500,43
501,43
502,43
503,39
504,39
505,39
506,29
507,30
508,34
509,34
510,34
511,38
512,38
513,38
514,38
515,38
516,38
517,40
518,41
519,41
520,41
521,36
522,37
523,38
524,38
525,39
526,39
527,38
528,33
529,34
530,35
531,38
532,40
533,40
534,40
535,40
536,40
537,39
538,38
539,37
540,38
541,35
542,36
543,34
544,34
545,33
546,36
547,36
548,35
549,34
550,32
551,32
552,28
553,30
554,30
555,30
556,28
557,29
558,29
559,30
560,30
561,30
562,32
563,29
564,29
565,30
566,28
567,27
568,27
569,26
570,26
571,26
572,23
573,24
574,25
575,24
576,27
577,27
578,28
579,31
580,28
581,28
582,28
583,28
584,27
585,27
586,23
587,23
588,22
589,18
590,22
591,23
592,23
593,24
594,25
595,25
596,24
597,23
598,24
599,24
600,20
601,22
602,29
603,28
604,28
605,28
606,29
607,30
608,31
609,32
610,33
611,32
612,27
613,29
614,35
615,35
616,35
617,33
618,32
619,32
620,33
621,34
622,36
623,34
624,32
625,32
626,34
627,37
628,34
629,34
630,35
631,34
632,34
633,34
634,33
635,33
636,32
637,28
638,28
639,27
640,27
641,27
642,26
643,26
644,31
645,32
646,31
647,31
648,32
649,32
650,33
651,31
652,33
653,33
654,29
655,33
656,32
657,32
658,30
659,29
660,27
661,28
662,26
663,26
664,26
665,22
666,23
667,23
668,26
669,27
670,29
671,28
672,28
673,28
674,29
675,32
676,31
677,32
678,31
679,31
680,29
681,29
682,29
683,30
684,32
685,29
686,30
687,29
688,27
689,28
690,29
691,31
692,33
693,33
694,30
695,29
696,29
697,30
698,31
699,29
700,28
701,26
702,30
703,28
704,27
705,28
706,26
707,27
708,27
709,25
710,27
711,28
712,26
713,26
714,26
715,25
716,24
717,22
718,22
719,22
720,20
721,20
722,20
723,20
724,22
725,21
726,22
727,24
728,23
729,22
730,23
731,23
732,22
733,22
734,19
735,18
736,16
737,13
738,15
739,13
740,14
741,14
742,13
743,14
744,13
745,13
746,13
747,14
748,13
749,12
750,12
751,12
752,13
753,12
754,12
755,13
756,14
757,14
758,14
759,15
760,16
761,16
762,15
763,15
764,16
765,15
766,16
767,16
768,18
769,15
770,14
771,17
772,19
773,19
774,19
775,19
776,19
777,20
778,19
779,19
780,19
781,18
782,19
783,19
784,19
785,20
786,21
787,21
788,21
789,23
790,24
791,24
792,23
793,23
794,23
795,22
796,21
797,21
798,21
799,19
800,18
801,17
802,16
803,17
804,17
805,20
806,18
807,16
808,16
809,16
810,17
811,17
812,17
813,16
814,16
815,13
816,13
817,14
818,14
819,14
820,14
821,15
822,16
823,17
824,17
825,19
826,20
827,21
828,22
829,22
830,23
831,22
832,21
833,20
834,20
835,19
836,19
837,17
838,17
839,18
840,18
841,18
842,18
843,18
844,18
845,18
846,18
847,18
848,17
849,16
850,13
851,14
852,14
853,18
854,18
855,18
856,17
857,17
858,19
859,19
860,19
861,18
862,17
863,13
864,13
865,13
866,16
867,16
868,13
869,13
870,13
871,13
872,13
873,13
874,13
875,13
876,10
877,10
878,10
879,13
880,13
881,14
882,14
883,14
884,14
885,14
886,14
887,14
888,14
889,11
890,11
891,10
892,10
893,13
894,13
895,13
896,13
897,12
898,12
899,13
900,12
901,12
902,12
903,10
904,10
905,10
906,16
907,17
908,17
909,18
910,18
911,21
912,21
913,22
914,22
915,22
916,20
917,19
918,19
919,17
920,18
921,15
922,15
923,14
924,15
925,16
926,15
927,15
928,15
929,15
930,15
931,16
932,16
933,16
934,16
935,16
936,13
937,13
938,13
939,13
940,13
941,12
942,11
943,11
944,11
945,12
946,12
947,12
948,13
949,11
950,12
951,12
952,14
953,14
954,14
955,13
956,14
957,14
958,13
959,13
960,13
961,13
962,14
963,14
964,14
965,14
966,15
967,15
968,15
969,16
970,18
971,18
972,16
973,16
974,16
975,15
976,14
977,14
978,14
979,12
980,9
981,9
982,9
983,11
984,11
985,11
986,11
987,11
988,11
989,11
990,10
991,10
992,10
993,7
994,7
995,7
996,7
997,10
998,10
999,10
1000,10
1001,10
1002,10
1003,10
1004,10
1005,10
1006,11
1007,8
1008,8
1009,8
1010,11
1011,11
1012,12
1013,12
1014,12
1015,12
1016,12
1017,12
1018,12
1019,12
1020,10
1021,10
1022,9
1023,12
1024,12
1025,12
1026,13
1027,13
1028,13
1029,13
1030,13
1031,13
1032,13
1033,10
1034,10
1035,10
1036,11
1037,12
1038,12
1039,12
1040,12
1041,12
1042,12
1043,12
1044,12
1045,12
1046,9
1047,9
1048,9
1049,9
1050,9
1051,9
1052,9
1053,9
1054,9
1055,9
1056,9
1057,9
1058,9
1059,9
1060,9
1061,10
1062,10
1063,10
1064,10
1065,11
1066,11
1067,11
1068,12
1069,12
1070,12
1071,12
1072,12
1073,12
1074,12
1075,12
1076,12
1077,12
1078,11
1079,11
1080,11
1081,11
1082,11
1083,15
1084,16
1085,16
1086,16
1087,16
1088,16
1089,16
1090,16
1091,15
1092,15
1093,12
1094,11
1095,11
1096,11
1097,11
1098,11
1099,12
1100,11
1101,11
1102,11
1103,12
1104,12
1105,12
1106,12
1107,12
1108,14
1109,13
1110,13
1111,13
1112,13
1113,12
1114,12
1115,12
1116,12
1117,13
1118,12
1119,12
1120,13
1121,13
1122,13
1123,13
1124,13
1125,13
1126,13
1127,14
1128,13
1129,13
1130,13
1131,13
1132,14
1133,14
1134,14
1135,12
1136,12
1137,11
1138,12
1139,13
1140,14
1141,15
1142,14
1143,14
1144,16
1145,16
1146,16
1147,17
1148,17
1149,17
1150,16
1151,16
1152,16
1153,16
1154,15
1155,15
1156,15
1157,15
1158,15
1159,15
1160,15
1161,15
1162,16
1163,16
1164,16
1165,16
1166,16
1167,17
1168,17
1169,17
1170,17
1171,17
1172,16
1173,16
1174,16
1175,16
1176,15
1177,14
1178,14
1179,14
1180,13
1181,13
1182,14
1183,14
1184,13
1185,13
1186,13
1187,14
1188,14
1189,14
1190,14
1191,14
1192,13
1193,13
1194,12
1195,12
1196,12
1197,11
1198,11
1199,11
1200,11
1201,12
1202,12
1203,12
1204,12
1205,12
1206,12
1207,12
1208,12
1209,12
1210,13
1211,13
1212,13
1213,12
1214,12
1215,12
1216,12
1217,12
1218,12
1219,13
1220,13
1221,13
1222,13
1223,13
1224,13
1225,13
1226,13
1227,13
1228,14
1229,13
1230,13
1231,13
1232,13
1233,13
1234,13
1235,13
1236,13
1237,13
1238,12
1239,12
1240,12
1241,12
1242,12
1243,12
1244,12
1245,12
1246,13
1247,13
1248,13
1249,13
1250,13
1251,13
1252,13
1253,13
1254,13
1255,13
1256,13
1257,13
1258,13
1259,13
1260,13
1261,13
1262,13
1263,14
1264,14
1265,15
1266,15
1267,15
1268,15
1269,15
1270,15
1271,14
1272,15
1273,14
1274,14
1275,14
1276,14
1277,14
1278,14
1279,14
1280,14
1281,14
1282,14
1283,14
1284,14
1285,14
1286,14
1287,15
1288,15
1289,15
1290,16
1291,16
1292,15
1293,15
1294,15
1295,15
1296,15
1297,15
1298,15
1299,15
1300,13
1301,13
1302,15
1303,15
1304,15
1305,15
1306,15
1307,15
1308,14
1309,14
1310,14
1311,14
1312,13
1313,13
1314,13
1315,14
1316,14
1317,14
1318,14
1319,15
1320,16
1321,15
1322,14
1323,14
1324,14
1325,13
1326,13
1327,14
1328,14
1329,14
1330,13
1331,13
1332,13
1333,13
1334,13
1335,13
1336,13
1337,13
1338,13
1339,13
1340,13
1341,13
1342,13
1343,13
1344,13
1345,13
1346,13
1347,13
1348,13
1349,13
1350,14
1351,15
1352,15
1353,15
1354,15
1355,15
1356,15
1357,14
1358,14
1359,14
1360,14
1361,14
1362,15
1363,15
1364,15
1365,15
1366,15
1367,15
1368,15
1369,15
1370,17
1371,16
1372,16
1373,15
1374,15
1375,15
1376,15
1377,15
1378,15
1379,15
1380,13
1381,13
1382,12
1383,11
1384,12
1385,12
1386,12
1387,12
1388,11
1389,11
1390,11
1391,11
1392,11
1393,11
1394,12
1395,12
1396,12
1397,12
1398,12
1399,12
1400,13
1401,13
1402,13
1403,13
1404,12
1405,12
1406,12
1407,12
1408,12
1409,12
1410,12
1411,11
1412,11
1413,11
1414,11
1415,11
1416,11
1417,11
1418,12
1419,12
1420,12
1421,12
1422,12
1423,12
1424,12
1425,12
1426,11
1427,11
1428,10
1429,11
1430,12
1431,12
1432,13
1433,13
1434,13
1435,13
1436,13
1437,13
1438,13
1439,12
1440,10
1441,11
1442,11
1443,12
1444,12
1445,12
1446,13
1447,15
1448,15
1449,15
1450,15
1451,14
1452,14
1453,14
1454,14
1455,16
1456,16
1457,15
1458,15
1459,16
1460,16
1461,16
1462,15
1463,17
1464,17
1465,16
1466,15
1467,15
1468,15
1469,16
1470,16
1471,16
1472,14
1473,13
1474,13
1475,13
1476,13
1477,13
1478,13
1479,13
1480,13
1481,13
1482,13
1483,13
1484,14
1485,14
1486,14
1487,14
1488,13
1489,13
1490,13
1491,12
1492,11
1493,11
1494,10
1495,10
1496,10
1497,11
1498,12
1499,12
1500,11
1501,11
1502,11
1503,12
1504,12
1505,12
1506,12
1507,12
1508,11
1509,11
1510,10
1511,11
1512,11
1513,10
1514,10
1515,11
1516,13
1517,13
1518,12
1519,13
1520,13
1521,12
1522,12
1523,12
1524,12
1525,12
1526,11
1527,11
1528,11
1529,11
1530,11
1531,11
1532,11
1533,10
1534,10
1535,10
1536,9
1537,8
1538,8
1539,6
1540,6
1541,6
1542,6
1543,6
1544,6
1545,6
1546,7
1547,7
1548,7
1549,7
1550,7
1551,7
1552,7
1553,7
1554,7
1555,7
1556,6
1557,6
1558,6
1559,6
1560,7
1561,8
1562,8
1563,8
1564,8
1565,8
1566,8
1567,8
1568,8
1569,8
1570,7
1571,6
1572,6
1573,6
1574,6
1575,6
1576,7
1577,7
1578,7
1579,7
1580,7
1581,7
1582,7
1583,7
1584,7
1585,7
1586,7
1587,7
1588,7
1589,6
1590,6
1591,6
1592,6
1593,6
1594,6
1595,6
1596,6
1597,6
1598,6
1599,6
1600,6
1601,6
1602,7
1603,7
1604,7
1605,7
1606,7
1607,7
1608,7
1609,7
1610,7
1611,7
1612,6
1613,6
1614,6
1615,6
1616,6
1617,6
1618,6
1619,6
1620,6
1621,6
1622,6
1623,6
1624,6
1625,6
1626,6
1627,6
1628,6
1629,6
1630,6
1631,6
1632,6
1633,6
1634,6
1635,6
1636,6
1637,6
1638,6
1639,6
1640,6
1641,7
1642,7
1643,7
1644,7
1645,7
1646,7
1647,7
1648,7
1649,7
1650,6
1651,5
1652,5
1653,5
1654,5
1655,5
1656,5
1657,5
1658,5
1659,5
1660,5
1661,5
1662,5
1663,5
1664,5
1665,5
1666,5
1667,5
1668,5
1669,5
1670,5
1671,5
1672,5
1673,5
1674,5
1675,5
1676,5
1677,5
1678,5
1679,5
1680,5
1681,5
1682,5
1683,4
1684,4
1685,4
1686,4
1687,4
1688,4
1689,4
1690,4
1691,4
1692,4
1693,4
1694,4
1695,6
1696,6
1697,6
1698,6
1699,6
1700,6
1701,6
1702,6
1703,6
1704,6
1705,4
1706,4
1707,4
1708,4
1709,5
1710,5
1711,6
1712,6
1713,6
1714,6
1715,6
1716,6
1717,6
1718,6
1719,6
1720,6
1721,5
1722,5
1723,6
1724,6
1725,6
1726,6
1727,6
1728,6
1729,6
1730,7
1731,7
1732,7
1733,6
1734,6
1735,6
1736,6
1737,6
1738,6
1739,6
1740,5
1741,5
1742,5
1743,5
1744,5
1745,5
1746,5
1747,4
1748,4
1749,4
1750,4
1751,4
1752,4
1753,4
1754,4
1755,4
1756,4
1757,4
1758,4
1759,4
1760,4
1761,4
1762,4
1763,4
1764,4
1765,4
0,0
1,0
2,0
3,0
4,0
5,0
6,0
7,0
8,0
9,0
10,0
11,0
12,0
13,0
14,0
15,0
16,0
17,0
18,0
19,0
20,0
21,0
22,0
23,0
24,0
25,0
26,0
27,0
28,0
29,0
30,0
31,0
32,0
33,0
34,0
35,0
36,0
37,0
38,0
39,0
40,0
41,0
42,0
43,0
44,0
45,0
46,0
47,0
48,0
49,0
50,0
51,0
52,0
53,0
54,0
55,0
56,0
57,0
58,0
59,0
60,0
61,0
62,0
63,0
64,0
65,0
66,0
67,0
68,0
69,0
70,0
71,0
72,0
73,0
74,0
75,0
76,0
77,0
78,0
79,0
80,0
81,1
82,5
83,11
84,11
85,11
86,11
87,14
88,17
89,26
90,26
91,31
92,29
93,25
94,25
95,25
96,31
97,29
98,27
99,21
100,23
101,19
102,20
103,22
104,22
105,24
106,21
107,22
108,23
109,21
110,18
111,22
112,21
113,22
114,26
115,25
116,23
117,22
118,22
119,24
120,24
121,20
122,20
123,19
124,16
125,20
126,21
127,21
128,25
129,23
130,23
131,24
132,25
133,25
134,25
135,21
136,20
137,21
138,18
139,20
140,23
141,24
142,23
143,25
144,25
145,26
146,26
147,27
148,27
149,25
150,23
151,21
152,21
153,21
154,20
155,23
156,23
157,21
158,21
159,23
160,22
161,22
162,23
163,19
164,19
165,14
166,17
167,17
168,18
169,15
170,15
171,15
172,14
173,14
174,14
175,14
176,11
177,12
178,11
179,11
180,12
181,12
182,12
183,13
184,12
185,12
186,12
187,11
188,12
189,13
190,12
191,13
192,13
193,12
194,13
195,13
196,13
197,14
198,14
199,13
200,13
201,12
202,12
203,13
204,23
205,24
206,24
207,23
208,23
209,23
210,23
211,23
212,23
213,22
214,11
215,11
216,11
217,11
218,11
219,11
220,11
221,11
222,10
223,10
224,13
225,13
226,13
227,16
228,16
229,17
230,17
231,18
232,18
233,18
234,15
235,15
236,16
237,13
238,13
239,12
240,12
241,11
242,11
243,11
244,11
245,11
246,10
247,10
248,10
249,10
250,16
251,16
252,21
253,21
254,21
255,20
256,21
257,21
258,21
259,21
260,15
261,15
262,10
263,10
264,10
265,10
266,9
267,9
268,9
269,11
270,13
271,13
272,13
273,13
274,17
275,17
276,17
277,18
278,19
279,17
280,15
281,15
282,15
283,16
284,12
285,12
286,12
287,11
288,13
289,13
290,13
291,13
292,13
293,12
294,12
295,12
296,13
297,16
298,13
299,11
300,11
301,15
302,16
303,16
304,16
305,15
306,14
307,11
308,11
309,11
310,11
311,10
312,10
313,9
314,9
315,10
316,10
317,9
318,9
319,9
320,9
321,8
322,8
323,8
324,10
325,10
326,14
327,14
328,14
329,15
330,17
331,17
332,16
333,16
334,14
335,16
336,12
337,12
338,13
339,13
340,11
341,11
342,11
343,11
344,11
345,9
346,9
347,9
348,8
349,10
350,10
351,10
352,10
353,10
354,8
355,8
356,9
357,9
358,9
359,10
360,12
361,12
362,12
363,12
364,12
365,13
366,13
367,13
368,14
369,14
370,12
371,12
372,13
373,14
374,14
375,14
376,14
377,14
378,14
379,14
380,15
381,15
382,14
383,14
384,15
385,16
386,16
387,17
388,17
389,17
390,17
391,17
392,17
393,17
394,17
395,17
396,18
397,17
398,19
399,19
400,19
401,19
402,19
403,19
404,19
405,19
406,19
407,19
408,18
409,19
410,20
411,20
412,20
413,20
414,20
415,20
416,19
417,19
418,20
419,19
420,19
421,18
422,20
423,20
424,20
425,19
426,20
427,20
428,19
429,19
430,18
431,18
432,17
433,17
434,17
435,17
436,16
437,16
438,16
439,16
440,16
441,17
442,17
443,17
444,17
445,18
446,18
447,18
448,18
449,18
450,20
451,18
452,18
453,18
454,19
455,18
456,18
457,18
458,18
459,17
460,17
461,17
462,18
463,18
464,17
465,18
466,17
467,17
468,17
469,17
470,17
471,17
472,15
473,15
474,16
475,16
476,16
477,16
478,16
479,16
480,17
481,17
482,17
483,17
484,17
485,17
486,17
487,17
488,17
489,17
490,16
491,17
492,17
493,17
494,17
495,17
496,17
497,17
498,17
499,17
500,17
501,16
502,16
503,15
504,15
505,15
506,15
507,15
508,15
509,15
510,15
511,15
512,15
513,15
514,14
515,14
516,15
517,16
518,16
519,16
520,16
521,16
522,16
523,17
524,17
525,17
526,16
527,16
528,16
529,15
530,16
531,17
532,18
533,19
534,19
535,20
536,22
537,21
538,21
539,21
540,20
541,20
542,20
543,21
544,20
545,20
546,19
547,20
548,20
549,20
550,20
551,18
552,18
553,18
554,18
555,17
556,17
557,15
558,15
559,16
560,17
561,17
562,17
563,18
564,18
565,19
566,21
567,21
568,23
569,22
570,23
571,24
572,22
573,26
574,26
575,25
576,22
577,22
578,22
579,22
580,20
581,19
582,19
583,13
584,13
585,13
586,13
587,14
588,15
589,15
590,15
591,15
592,15
593,19
594,20
595,20
596,20
597,19
598,15
599,15
600,15
601,15
602,15
603,11
604,10
605,10
606,11
607,11
608,11
609,11
610,11
611,12
612,13
613,13
614,14
615,14
616,14
617,14
618,14
619,14
620,14
621,13
622,12
623,14
624,13
625,12
626,11
627,11
628,11
629,11
630,10
631,10
632,10
633,8
634,8
635,8
636,8
637,8
638,8
639,11
640,11
641,11
642,13
643,13
644,13
645,16
646,16
647,18
648,18
649,15
650,16
651,16
652,14
653,14
654,14
655,13
656,13
657,12
658,12
659,12
660,11
661,11
662,11
663,11
664,14
665,17
666,17
667,17
668,17
669,16
670,16
671,16
672,16
673,16
674,13
675,9
676,9
677,10
678,10
679,10
680,10
681,11
682,11
683,11
684,11
685,11
686,11
687,14
688,18
689,18
690,18
691,18
692,18
693,18
694,18
695,19
696,19
697,15
698,11
699,11
700,11
701,10
702,10
703,10
704,10
705,10
706,10
707,10
708,10
709,10
710,10
711,10
712,11
713,14
714,15
715,15
716,15
717,15
718,15
719,15
720,15
721,15
722,14
723,11
724,10
725,10
726,10
727,10
728,10
729,10
730,10
731,10
732,11
733,11
734,11
735,11
736,14
737,17
738,17
739,18
740,18
741,18
742,18
743,18
744,18
745,19
746,16
747,13
748,13
749,12
750,11
751,11
752,10
753,10
754,10
755,10
756,10
757,10
758,10
759,10
760,10
761,10
762,13
763,14
764,14
765,14
766,14
767,14
768,16
769,18
770,19
771,20
772,18
773,17
774,17
775,19
776,19
777,19
778,18
779,17
780,16
781,15
782,15
783,19
784,18
785,19
786,19
787,20
788,20
789,19
790,19
791,19
792,19
793,15
794,15
795,11
796,11
797,11
798,11
799,11
800,11
801,11
802,11
803,9
804,9
805,9
806,9
807,9
808,9
809,9
810,9
811,10
812,9
813,12
814,12
815,14
816,14
817,14
818,14
819,15
820,15
821,13
822,13
823,10
824,10
825,8
826,8
827,9
828,10
829,9
830,9
831,9
832,9
833,10
834,10
835,11
836,12
837,11
838,10
839,10
840,10
841,13
842,14
843,15
844,18
845,18
846,17
847,17
848,17
849,18
850,18
851,15
852,15
853,14
854,12
855,14
856,14
857,15
858,15
859,15
860,16
861,17
862,20
863,22
864,22
865,20
866,20
867,19
868,19
869,19
870,19
871,17
872,16
873,14
874,15
875,17
876,17
877,17
878,16
879,15
880,15
881,15
882,15
883,15
884,14
885,17
886,17
887,17
888,18
889,18
890,22
891,22
892,21
893,21
894,21
895,18
896,18
897,18
898,17
899,17
900,13
901,13
902,14
903,13
904,14
905,13
906,13
907,13
908,13
909,16
910,16
911,16
912,15
913,15
914,14
915,14
916,14
917,15
918,15
919,14
920,14
921,14
922,15
923,15
924,15
925,15
926,15
927,17
928,17
929,16
930,15
931,15
932,14
933,15
934,16
935,15
936,16
937,13
938,13
939,13
940,13
941,12
942,12
943,11
944,10
945,10
946,9
947,9
948,9
949,9
950,10
951,11
952,11
953,12
954,12
955,11
956,11
957,11
958,11
959,11
960,11
961,14
962,14
963,13
964,13
965,14
966,15
967,16
968,16
969,16
970,15
971,12
972,13
973,13
974,13
975,13
976,13
977,13
978,13
979,13
980,13
981,12
982,14
983,14
984,15
985,16
986,16
987,20
988,20
989,19
990,19
991,18
992,18
993,18
994,18
995,16
996,21
997,17
998,17
999,17
1000,17
1001,19
1002,19
1003,20
1004,19
1005,18
1006,16
1007,17
1008,18
1009,19
1010,20
1011,19
1012,20
1013,19
1014,23
1015,23
1016,22
1017,21
1018,21
1019,21
1020,20
1021,20
1022,22
1023,23
1024,19
1025,18
1026,20
1027,20
1028,21
1029,20
1030,20
1031,20
1032,17
1033,16
1034,17
1035,17
1036,15
1037,14
1038,13
1039,15
1040,15
1041,15
1042,15
1043,18
1044,17
1045,16
1046,15
1047,14
1048,14
1049,13
1050,12
1051,13
1052,15
1053,12
1054,12
1055,12
1056,12
1057,12
1058,12
1059,12
1060,12
1061,12
1062,11
1063,11
1064,11
1065,12
1066,12
1067,13
1068,13
1069,13
1070,13
1071,12
1072,11
1073,13
1074,13
1075,13
1076,14
1077,13
1078,13
1079,13
1080,13
1081,15
1082,15
1083,14
1084,14
1085,14
1086,14
1087,14
1088,14
1089,14
1090,14
1091,12
1092,12
1093,12
1094,12
1095,13
1096,13
1097,14
1098,14
1099,14
1100,14
1101,14
1102,15
1103,14
1104,15
1105,14
1106,14
1107,13
1108,13
1109,13
1110,12
1111,15
1112,14
1113,14
1114,13
1115,13
1116,12
1117,12
1118,10
1119,10
1120,10
1121,8
1122,10
1123,10
1124,10
1125,10
1126,10
1127,10
1128,10
1129,10
1130,10
1131,10
1132,9
1133,9
1134,9
1135,10
1136,10
1137,10
1138,11
1139,11
1140,11
1141,11
1142,10
1143,10
1144,10
1145,9
1146,9
1147,9
1148,8
1149,10
1150,11
1151,11
1152,11
1153,11
1154,14
1155,15
1156,15
1157,14
1158,14
1159,12
1160,11
1161,11
1162,11
1163,11
1164,8
1165,7
1166,8
1167,8
1168,8
1169,8
1170,8
1171,8
1172,8
1173,8
1174,8
1175,9
1176,10
1177,13
1178,13
1179,13
1180,13
1181,13
1182,13
1183,13
1184,14
1185,13
1186,14
1187,11
1188,11
1189,11
1190,11
1191,11
1192,11
1193,11
1194,11
1195,10
1196,7
1197,7
1198,7
1199,5
1200,5
1201,5
1202,6
1203,6
1204,6
1205,6
1206,7
1207,7
1208,8
1209,11
1210,14
1211,14
1212,13
1213,13
1214,13
1215,13
1216,15
1217,14
1218,13
1219,10
1220,8
1221,8
1222,8
1223,8
1224,8
1225,9
1226,8
1227,8
1228,8
1229,8
1230,7
1231,8
1232,8
1233,8
1234,8
1235,8
1236,7
1237,7
1238,7
1239,8
1240,11
1241,10
1242,10
1243,10
1244,11
1245,11
1246,11
1247,11
1248,11
1249,10
1250,6
1251,6
1252,6
1253,6
1254,5
1255,5
1256,6
1257,7
1258,7
1259,7
1260,7
1261,7
1262,7
1263,7
1264,7
1265,7
1266,6
1267,5
1268,5
1269,5
1270,5
1271,5
1272,5
1273,6
1274,6
1275,6
1276,6
1277,6
1278,6
1279,6
1280,6
1281,6
1282,6
1283,5
1284,5
1285,5
1286,5
1287,8
1288,8
1289,7
1290,7
1291,7
1292,7
1293,7
1294,7
1295,7
1296,7
1297,4
1298,4
1299,4
1300,4
1301,4
1302,4
1303,4
1304,4
1305,4
1306,4
1307,4
1308,4
1309,4
1310,4
1311,4
1312,4
1313,4
1314,4
1315,5
1316,5
1317,5
1318,7
1319,7
1320,7
1321,8
1322,14
1323,14
1324,15
1325,15
1326,15
1327,15
1328,13
1329,14
1330,14
1331,14
1332,8
1333,8
1334,7
1335,6
1336,9
1337,9
1338,10
1339,9
1340,9
1341,8
1342,8
1343,8
1344,8
1345,8
1346,5
1347,5
1348,4
1349,4
1350,4
1351,4
1352,5
1353,5
1354,5
1355,5
1356,5
1357,7
1358,8
1359,10
1360,10
1361,10
1362,12
1363,12
1364,12
1365,13
1366,13
1367,12
1368,10
1369,9
1370,9
1371,9
1372,5
1373,5
1374,5
1375,7
1376,7
1377,7
1378,8
1379,9
1380,9
1381,10
1382,10
1383,10
1384,10
1385,8
1386,8
1387,8
1388,7
1389,8
1390,7
1391,7
1392,7
1393,9
1394,9
1395,9
1396,9
1397,9
1398,9
1399,8
1400,8
1401,8
1402,8
1403,6
1404,6
1405,6
1406,6
1407,6
1408,6
1409,6
1410,6
1411,8
1412,8
1413,8
1414,8
1415,8
1416,8
1417,8
1418,8
1419,8
1420,8
1421,7
1422,7
1423,7
1424,8
1425,8
1426,8
1427,8
1428,9
1429,9
1430,9
1431,9
1432,9
1433,9
1434,9
1435,9
1436,9
1437,9
1438,8
1439,8
1440,10
1441,10
1442,10
1443,10
1444,9
1445,9
1446,9
1447,9
1448,9
1449,10
1450,9
1451,10
1452,10
1453,10
1454,11
1455,11
1456,11
1457,12
1458,12
1459,12
1460,11
1461,10
1462,10
1463,11
1464,11
1465,10
1466,10
1467,9
1468,10
1469,10
1470,11
1471,11
1472,12
1473,12
1474,14
1475,14
1476,14
1477,14
1478,13
1479,14
1480,14
1481,14
1482,13
1483,13
1484,11
1485,12
1486,12
1487,12
1488,12
1489,13
1490,13
1491,13
1492,13
1493,12
1494,11
1495,10
1496,10
1497,10
1498,10
1499,8
1500,8
1501,8
1502,7
1503,7
1504,7
1505,7
1506,7
1507,7
1508,8
1509,7
1510,7
1511,7
1512,7
1513,6
1514,6
1515,6
1516,6
1517,6
1518,6
1519,6
1520,6
1521,6
1522,7
1523,7
1524,7
1525,8
1526,9
1527,9
1528,9
1529,10
1530,10
1531,10
1532,8
1533,8
1534,8
1535,9
1536,9
1537,9
1538,8
1539,8
1540,7
1541,7
1542,6
1543,6
1544,6
1545,6
1546,6
1547,6
1548,7
1549,6
1550,6
1551,6
1552,6
1553,6
1554,7
1555,7
1556,7
1557,7
1558,7
1559,7
1560,9
1561,12
1562,12
1563,12
1564,11
1565,10
1566,10
1567,10
1568,10
1569,10
1570,10
1571,7
1572,7
1573,7
1574,7
1575,7
1576,7
1577,7
1578,7
1579,7
1580,7
1581,7
1582,8
1583,8
1584,8
1585,8
1586,8
1587,8
1588,8
1589,8
1590,9
1591,9
1592,8
1593,8
1594,8
1595,8
1596,8
1597,8
1598,7
1599,7
1600,7
1601,6
1602,6
1603,6
1604,6
1605,6
1606,6
1607,6
1608,6
1609,9
1610,9
1611,9
1612,9
1613,9
1614,9
1615,9
1616,9
1617,9
1618,9
1619,6
1620,6
1621,6
1622,6
1623,6
1624,6
1625,6
1626,6
1627,7
1628,8
1629,7
1630,7
1631,7
1632,7
1633,7
1634,7
1635,5
1636,5
1637,5
1638,4
1639,4
1640,6
1641,8
1642,10
1643,10
1644,10
1645,11
1646,11
1647,11
1648,12
1649,12
1650,10
1651,9
1652,7
1653,7
1654,7
1655,9
1656,9
1657,10
1658,13
1659,13
1660,13
1661,14
1662,14
1663,14
1664,15
1665,14
1666,15
1667,16
1668,11
1669,11
1670,12
1671,15
1672,16
1673,17
1674,18
1675,18
1676,17
1677,16
1678,17
1679,19
1680,19
1681,16
1682,16
1683,16
1684,16
1685,17
1686,18
1687,18
1688,17
1689,15
1690,15
1691,15
1692,17
1693,17
1694,17
1695,16
1696,17
1697,17
1698,17
1699,18
1700,18
1701,18
1702,18
1703,20
1704,19
1705,19
1706,18
1707,18
1708,19
1709,18
1710,19
1711,19
1712,21
1713,19
1714,19
1715,23
1716,23
1717,24
1718,24
1719,25
1720,24
1721,24
1722,23
1723,23
1724,23
1725,19
1726,18
1727,17
1728,17
1729,16
1730,17
1731,17
1732,16
1733,17
1734,17
1735,17
1736,20
1737,19
1738,20
1739,23
1740,22
1741,23
1742,23
1743,22
1744,24
1745,24
1746,22
1747,22
1748,22
1749,19
1750,19
1751,19
1752,20
1753,19
1754,18
1755,19
1756,19
1757,20
1758,20
1759,18
1760,19
1761,18
1762,18
1763,19
1764,20
1765,20
1766,20
1767,19
1768,18
1769,18
1770,17
1771,17
1772,15
1773,15
1774,14
1775,13
1776,15
1777,15
1778,17
1779,17
1780,17
1781,18
1782,17
1783,18
1784,18
1785,19
1786,19
1787,19
1788,18
1789,18
1790,19
1791,18
1792,18
1793,18
1794,20
1795,20
1796,21
1797,22
1798,19
1799,19
1800,16
1801,17
1802,18
1803,18
1804,19
1805,19
1806,19
1807,19
1808,20
1809,22
1810,23
1811,24
1812,24
1813,25
1814,25
1815,24
1816,24
1817,24
1818,24
1819,26
1820,25
1821,23
1822,23
1823,23
1824,22
1825,22
1826,22
1827,21
1828,22
1829,19
1830,19
1831,19
1832,18
1833,18
1834,20
1835,20
1836,20
1837,21
1838,20
1839,20
1840,21
1841,23
1842,24
1843,26
1844,26
1845,24
1846,24
1847,22
1848,20
1849,21
1850,21
1851,20
1852,17
1853,14
1854,12
1855,12
1856,11
1857,12
1858,12
1859,11
1860,11
1861,11
